object_type,schema,object_name,path,lines,module
view,admin_dashboard,moderation_queue,/home/isem/workspace/workspace-gamilit/gamilit/projects/gamilit/apps/database/ddl/schemas/admin_dashboard/views/moderation_queue.sql,33,ADM
view,admin_dashboard,organization_stats_summary,/home/isem/workspace/workspace-gamilit/gamilit/projects/gamilit/apps/database/ddl/schemas/admin_dashboard/views/organization_stats_summary.sql,16,ADM
view,admin_dashboard,recent_admin_actions,/home/isem/workspace/workspace-gamilit/gamilit/projects/gamilit/apps/database/ddl/schemas/admin_dashboard/views/recent_admin_actions.sql,27,ADM
view,admin_dashboard,user_stats_summary,/home/isem/workspace/workspace-gamilit/gamilit/projects/gamilit/apps/database/ddl/schemas/admin_dashboard/views/user_stats_summary.sql,22,ADM
function,audit_logging,log_audit_event,/home/isem/workspace/workspace-gamilit/gamilit/projects/gamilit/apps/database/ddl/schemas/audit_logging/functions/log_audit_event.sql,73,AUD
unknown,audit_logging,01-policies,/home/isem/workspace/workspace-gamilit/gamilit/projects/gamilit/apps/database/ddl/schemas/audit_logging/rls-policies/01-policies.sql,166,AUD
index,audit_logging,audit_logs,/home/isem/workspace/workspace-gamilit/gamilit/projects/gamilit/apps/database/ddl/schemas/audit_logging/tables/01-audit_logs.sql,125,AUD
index,audit_logging,performance_metrics,/home/isem/workspace/workspace-gamilit/gamilit/projects/gamilit/apps/database/ddl/schemas/audit_logging/tables/02-performance_metrics.sql,103,AUD
trigger,audit_logging,system_alerts,/home/isem/workspace/workspace-gamilit/gamilit/projects/gamilit/apps/database/ddl/schemas/audit_logging/tables/03-system_alerts.sql,135,AUD
index,audit_logging,system_logs,/home/isem/workspace/workspace-gamilit/gamilit/projects/gamilit/apps/database/ddl/schemas/audit_logging/tables/04-system_logs.sql,116,AUD
index,audit_logging,user_activity_logs,/home/isem/workspace/workspace-gamilit/gamilit/projects/gamilit/apps/database/ddl/schemas/audit_logging/tables/05-user_activity_logs.sql,120,AUD
index,audit_logging,for,/home/isem/workspace/workspace-gamilit/gamilit/projects/gamilit/apps/database/ddl/schemas/audit_logging/tables/06-user_activity.sql,25,AUD
trigger,audit_logging,trg_system_alerts_updated_at,/home/isem/workspace/workspace-gamilit/gamilit/projects/gamilit/apps/database/ddl/schemas/audit_logging/triggers/01-trg_system_alerts_updated_at.sql,15,AUD
enum,auth,aal_level,/home/isem/workspace/workspace-gamilit/gamilit/projects/gamilit/apps/database/ddl/schemas/auth/enums/aal_level.sql,6,AUTH
enum,auth,code_challenge_method,/home/isem/workspace/workspace-gamilit/gamilit/projects/gamilit/apps/database/ddl/schemas/auth/enums/code_challenge_method.sql,6,AUTH
index,auth,users,/home/isem/workspace/workspace-gamilit/gamilit/projects/gamilit/apps/database/ddl/schemas/auth/tables/01-users.sql,72,AUTH
function,auth_management,assign_role_to_user,/home/isem/workspace/workspace-gamilit/gamilit/projects/gamilit/apps/database/ddl/schemas/auth_management/functions/01-assign_role_to_user.sql,100,AUTH
function,auth_management,get_user_role,/home/isem/workspace/workspace-gamilit/gamilit/projects/gamilit/apps/database/ddl/schemas/auth_management/functions/02-get_user_role.sql,47,AUTH
function,auth_management,user_has_permission,/home/isem/workspace/workspace-gamilit/gamilit/projects/gamilit/apps/database/ddl/schemas/auth_management/functions/03-verify_user_permission.sql,45,AUTH
function,auth_management,revoke_role_from_user,/home/isem/workspace/workspace-gamilit/gamilit/projects/gamilit/apps/database/ddl/schemas/auth_management/functions/04-remove_role_from_user.sql,81,AUTH
function,auth_management,hash_token,/home/isem/workspace/workspace-gamilit/gamilit/projects/gamilit/apps/database/ddl/schemas/auth_management/functions/05-hash_token.sql,28,AUTH
function,auth_management,update_user_preferences,/home/isem/workspace/workspace-gamilit/gamilit/projects/gamilit/apps/database/ddl/schemas/auth_management/functions/06-update_user_preferences.sql,81,AUTH
index,auth_management,idx_user_preferences_theme,/home/isem/workspace/workspace-gamilit/gamilit/projects/gamilit/apps/database/ddl/schemas/auth_management/indexes/01-idx_user_preferences_theme.sql,48,AUTH
index,auth_management,idx_user_roles_permissions_gin,/home/isem/workspace/workspace-gamilit/gamilit/projects/gamilit/apps/database/ddl/schemas/auth_management/indexes/02-idx_user_roles_permissions_gin.sql,107,AUTH
unknown,auth_management,01-policies,/home/isem/workspace/workspace-gamilit/gamilit/projects/gamilit/apps/database/ddl/schemas/auth_management/rls-policies/01-policies.sql,305,AUTH
trigger,auth_management,tenants,/home/isem/workspace/workspace-gamilit/gamilit/projects/gamilit/apps/database/ddl/schemas/auth_management/tables/01-tenants.sql,58,AUTH
index,auth_management,auth_attempts,/home/isem/workspace/workspace-gamilit/gamilit/projects/gamilit/apps/database/ddl/schemas/auth_management/tables/02-auth_attempts.sql,41,AUTH
trigger,auth_management,profiles,/home/isem/workspace/workspace-gamilit/gamilit/projects/gamilit/apps/database/ddl/schemas/auth_management/tables/03-profiles.sql,114,AUTH
trigger,auth_management,user_roles,/home/isem/workspace/workspace-gamilit/gamilit/projects/gamilit/apps/database/ddl/schemas/auth_management/tables/04-roles.sql,61,AUTH
trigger,auth_management,auth_providers,/home/isem/workspace/workspace-gamilit/gamilit/projects/gamilit/apps/database/ddl/schemas/auth_management/tables/05-auth_providers.sql,172,AUTH
index,auth_management,email_verification_tokens,/home/isem/workspace/workspace-gamilit/gamilit/projects/gamilit/apps/database/ddl/schemas/auth_management/tables/06-email_verification_tokens.sql,43,AUTH
index,auth_management,password_reset_tokens,/home/isem/workspace/workspace-gamilit/gamilit/projects/gamilit/apps/database/ddl/schemas/auth_management/tables/07-password_reset_tokens.sql,44,AUTH
index,auth_management,security_events,/home/isem/workspace/workspace-gamilit/gamilit/projects/gamilit/apps/database/ddl/schemas/auth_management/tables/08-security_events.sql,50,AUTH
trigger,auth_management,user_preferences,/home/isem/workspace/workspace-gamilit/gamilit/projects/gamilit/apps/database/ddl/schemas/auth_management/tables/09-user_preferences.sql,79,AUTH
trigger,auth_management,memberships,/home/isem/workspace/workspace-gamilit/gamilit/projects/gamilit/apps/database/ddl/schemas/auth_management/tables/10-memberships.sql,60,AUTH
index,auth_management,user_sessions,/home/isem/workspace/workspace-gamilit/gamilit/projects/gamilit/apps/database/ddl/schemas/auth_management/tables/11-user_sessions.sql,60,AUTH
index,auth_management,for,/home/isem/workspace/workspace-gamilit/gamilit/projects/gamilit/apps/database/ddl/schemas/auth_management/tables/12-user_suspensions.sql,33,AUTH
trigger,auth_management,trg_memberships_updated_at,/home/isem/workspace/workspace-gamilit/gamilit/projects/gamilit/apps/database/ddl/schemas/auth_management/triggers/02-trg_memberships_updated_at.sql,15,AUTH
trigger,auth_management,trg_audit_profile_changes,/home/isem/workspace/workspace-gamilit/gamilit/projects/gamilit/apps/database/ddl/schemas/auth_management/triggers/03-trg_audit_profile_changes.sql,15,AUTH
trigger,auth_management,trg_initialize_user_stats,/home/isem/workspace/workspace-gamilit/gamilit/projects/gamilit/apps/database/ddl/schemas/auth_management/triggers/04-trg_initialize_user_stats.sql,15,AUTH
trigger,auth_management,trg_profiles_updated_at,/home/isem/workspace/workspace-gamilit/gamilit/projects/gamilit/apps/database/ddl/schemas/auth_management/triggers/05-trg_profiles_updated_at.sql,15,AUTH
trigger,auth_management,trg_tenants_updated_at,/home/isem/workspace/workspace-gamilit/gamilit/projects/gamilit/apps/database/ddl/schemas/auth_management/triggers/06-trg_tenants_updated_at.sql,15,AUTH
trigger,auth_management,trg_user_roles_updated_at,/home/isem/workspace/workspace-gamilit/gamilit/projects/gamilit/apps/database/ddl/schemas/auth_management/triggers/07-trg_user_roles_updated_at.sql,15,AUTH
index,content_management,idx_marie_content_grade_levels_gin,/home/isem/workspace/workspace-gamilit/gamilit/projects/gamilit/apps/database/ddl/schemas/content_management/indexes/01-idx_marie_content_grade_levels_gin.sql,26,CNT
index,content_management,idx_marie_content_keywords_gin,/home/isem/workspace/workspace-gamilit/gamilit/projects/gamilit/apps/database/ddl/schemas/content_management/indexes/02-idx_marie_content_keywords_gin.sql,26,CNT
unknown,content_management,01-policies,/home/isem/workspace/workspace-gamilit/gamilit/projects/gamilit/apps/database/ddl/schemas/content_management/rls-policies/01-policies.sql,119,CNT
trigger,content_management,content_templates,/home/isem/workspace/workspace-gamilit/gamilit/projects/gamilit/apps/database/ddl/schemas/content_management/tables/01-content_templates.sql,90,CNT
trigger,content_management,marie_curie_content,/home/isem/workspace/workspace-gamilit/gamilit/projects/gamilit/apps/database/ddl/schemas/content_management/tables/02-marie_curie_content.sql,89,CNT
trigger,content_management,media_files,/home/isem/workspace/workspace-gamilit/gamilit/projects/gamilit/apps/database/ddl/schemas/content_management/tables/03-media_files.sql,125,CNT
index,content_management,content_versions,/home/isem/workspace/workspace-gamilit/gamilit/projects/gamilit/apps/database/ddl/schemas/content_management/tables/04-content_versions.sql,44,CNT
index,content_management,for,/home/isem/workspace/workspace-gamilit/gamilit/projects/gamilit/apps/database/ddl/schemas/content_management/tables/05-flagged_content.sql,45,CNT
trigger,content_management,trg_content_templates_updated_at,/home/isem/workspace/workspace-gamilit/gamilit/projects/gamilit/apps/database/ddl/schemas/content_management/triggers/08-trg_content_templates_updated_at.sql,15,CNT
trigger,content_management,trg_marie_curie_content_updated_at,/home/isem/workspace/workspace-gamilit/gamilit/projects/gamilit/apps/database/ddl/schemas/content_management/triggers/09-trg_marie_curie_content_updated_at.sql,15,CNT
trigger,content_management,trg_media_files_updated_at,/home/isem/workspace/workspace-gamilit/gamilit/projects/gamilit/apps/database/ddl/schemas/content_management/triggers/10-trg_media_files_updated_at.sql,15,CNT
function,educational_content,calculate_learning_path,/home/isem/workspace/workspace-gamilit/gamilit/projects/gamilit/apps/database/ddl/schemas/educational_content/functions/calculate_learning_path.sql,99,EDU
function,educational_content,get_recommended_missions,/home/isem/workspace/workspace-gamilit/gamilit/projects/gamilit/apps/database/ddl/schemas/educational_content/functions/get_recommended_missions.sql,73,EDU
unknown,educational_content,01-enable-rls,/home/isem/workspace/workspace-gamilit/gamilit/projects/gamilit/apps/database/ddl/schemas/educational_content/rls-policies/01-enable-rls.sql,23,EDU
unknown,educational_content,02-modules-exercises-policies,/home/isem/workspace/workspace-gamilit/gamilit/projects/gamilit/apps/database/ddl/schemas/educational_content/rls-policies/02-modules-exercises-policies.sql,142,EDU
trigger,educational_content,modules,/home/isem/workspace/workspace-gamilit/gamilit/projects/gamilit/apps/database/ddl/schemas/educational_content/tables/01-modules.sql,132,EDU
trigger,educational_content,exercises,/home/isem/workspace/workspace-gamilit/gamilit/projects/gamilit/apps/database/ddl/schemas/educational_content/tables/02-exercises.sql,129,EDU
trigger,educational_content,assessment_rubrics,/home/isem/workspace/workspace-gamilit/gamilit/projects/gamilit/apps/database/ddl/schemas/educational_content/tables/03-assessment_rubrics.sql,78,EDU
trigger,educational_content,media_resources,/home/isem/workspace/workspace-gamilit/gamilit/projects/gamilit/apps/database/ddl/schemas/educational_content/tables/04-media_resources.sql,88,EDU
trigger,educational_content,trg_assessment_rubrics_updated_at,/home/isem/workspace/workspace-gamilit/gamilit/projects/gamilit/apps/database/ddl/schemas/educational_content/triggers/11-trg_assessment_rubrics_updated_at.sql,15,EDU
trigger,educational_content,trg_exercises_updated_at,/home/isem/workspace/workspace-gamilit/gamilit/projects/gamilit/apps/database/ddl/schemas/educational_content/triggers/12-trg_exercises_updated_at.sql,15,EDU
trigger,educational_content,trg_media_resources_updated_at,/home/isem/workspace/workspace-gamilit/gamilit/projects/gamilit/apps/database/ddl/schemas/educational_content/triggers/13-trg_media_resources_updated_at.sql,15,EDU
trigger,educational_content,trg_modules_updated_at,/home/isem/workspace/workspace-gamilit/gamilit/projects/gamilit/apps/database/ddl/schemas/educational_content/triggers/14-trg_modules_updated_at.sql,15,EDU
enum,gamification_system,maya_rank,/home/isem/workspace/workspace-gamilit/gamilit/projects/gamilit/apps/database/ddl/schemas/gamification_system/enums/maya_rank.sql,54,GAM
enum,gamification_system,transaction_type,/home/isem/workspace/workspace-gamilit/gamilit/projects/gamilit/apps/database/ddl/schemas/gamification_system/enums/transaction_type.sql,114,GAM
function,gamification_system,update_missions_updated_at,/home/isem/workspace/workspace-gamilit/gamilit/projects/gamilit/apps/database/ddl/schemas/gamification_system/functions/06-update_missions_updated_at.sql,18,GAM
function,gamification_system,update_notifications_updated_at,/home/isem/workspace/workspace-gamilit/gamilit/projects/gamilit/apps/database/ddl/schemas/gamification_system/functions/07-update_notifications_updated_at.sql,18,GAM
function,gamification_system,recalculate_level_on_xp_change,/home/isem/workspace/workspace-gamilit/gamilit/projects/gamilit/apps/database/ddl/schemas/gamification_system/functions/08-recalculate_level_on_xp_change.sql,29,GAM
function,gamification_system,apply_xp_boost,/home/isem/workspace/workspace-gamilit/gamilit/projects/gamilit/apps/database/ddl/schemas/gamification_system/functions/apply_xp_boost.sql,51,GAM
function,gamification_system,award_ml_coins,/home/isem/workspace/workspace-gamilit/gamilit/projects/gamilit/apps/database/ddl/schemas/gamification_system/functions/award_ml_coins.sql,92,GAM
function,gamification_system,calculate_level_from_xp,/home/isem/workspace/workspace-gamilit/gamilit/projects/gamilit/apps/database/ddl/schemas/gamification_system/functions/calculate_level_from_xp.sql,22,GAM
function,gamification_system,calculate_user_rank,/home/isem/workspace/workspace-gamilit/gamilit/projects/gamilit/apps/database/ddl/schemas/gamification_system/functions/calculate_user_rank.sql,67,GAM
function,gamification_system,check_and_grant_achievements,/home/isem/workspace/workspace-gamilit/gamilit/projects/gamilit/apps/database/ddl/schemas/gamification_system/functions/check_and_award_achievements.sql,112,GAM
function,gamification_system,claim_achievement_reward,/home/isem/workspace/workspace-gamilit/gamilit/projects/gamilit/apps/database/ddl/schemas/gamification_system/functions/claim_achievement_reward.sql,91,GAM
function,gamification_system,consume_comodin,/home/isem/workspace/workspace-gamilit/gamilit/projects/gamilit/apps/database/ddl/schemas/gamification_system/functions/consume_comodin.sql,139,GAM
function,gamification_system,get_user_comodines,/home/isem/workspace/workspace-gamilit/gamilit/projects/gamilit/apps/database/ddl/schemas/gamification_system/functions/get_user_comodines.sql,49,GAM
function,gamification_system,get_user_rank_progress,/home/isem/workspace/workspace-gamilit/gamilit/projects/gamilit/apps/database/ddl/schemas/gamification_system/functions/get_user_current_rank.sql,85,GAM
function,gamification_system,get_user_inventory_summary,/home/isem/workspace/workspace-gamilit/gamilit/projects/gamilit/apps/database/ddl/schemas/gamification_system/functions/get_user_inventory.sql,62,GAM
function,gamification_system,get_user_inventory_summary,/home/isem/workspace/workspace-gamilit/gamilit/projects/gamilit/apps/database/ddl/schemas/gamification_system/functions/get_user_inventory_summary.sql,62,GAM
function,gamification_system,get_user_rank_progress,/home/isem/workspace/workspace-gamilit/gamilit/projects/gamilit/apps/database/ddl/schemas/gamification_system/functions/get_user_rank_progress.sql,85,GAM
function,gamification_system,get_user_rank_requirements,/home/isem/workspace/workspace-gamilit/gamilit/projects/gamilit/apps/database/ddl/schemas/gamification_system/functions/get_user_rank_requirements.sql,53,GAM
function,gamification_system,check_and_grant_achievements,/home/isem/workspace/workspace-gamilit/gamilit/projects/gamilit/apps/database/ddl/schemas/gamification_system/functions/grant_achievement.sql,112,GAM
function,gamification_system,process_exercise_completion,/home/isem/workspace/workspace-gamilit/gamilit/projects/gamilit/apps/database/ddl/schemas/gamification_system/functions/process_exercise_completion.sql,68,GAM
function,gamification_system,consume_comodin,/home/isem/workspace/workspace-gamilit/gamilit/projects/gamilit/apps/database/ddl/schemas/gamification_system/functions/redeem_comodin.sql,139,GAM
function,gamification_system,update_leaderboard_coins,/home/isem/workspace/workspace-gamilit/gamilit/projects/gamilit/apps/database/ddl/schemas/gamification_system/functions/update_leaderboard_coins.sql,53,GAM
function,gamification_system,update_leaderboard_global,/home/isem/workspace/workspace-gamilit/gamilit/projects/gamilit/apps/database/ddl/schemas/gamification_system/functions/update_leaderboard_global.sql,77,GAM
function,gamification_system,update_leaderboard_streaks,/home/isem/workspace/workspace-gamilit/gamilit/projects/gamilit/apps/database/ddl/schemas/gamification_system/functions/update_leaderboard_streaks.sql,88,GAM
function,gamification_system,update_user_rank,/home/isem/workspace/workspace-gamilit/gamilit/projects/gamilit/apps/database/ddl/schemas/gamification_system/functions/update_user_rank.sql,86,GAM
index,gamification_system,idx_achievement_categories_active,/home/isem/workspace/workspace-gamilit/gamilit/projects/gamilit/apps/database/ddl/schemas/gamification_system/indexes/01-idx_achievement_categories_active.sql,109,GAM
index,gamification_system,idx_achievements_metadata_gin,/home/isem/workspace/workspace-gamilit/gamilit/projects/gamilit/apps/database/ddl/schemas/gamification_system/indexes/01-idx_achievements_metadata_gin.sql,30,GAM
index,gamification_system,idx_active_boosts_user,/home/isem/workspace/workspace-gamilit/gamilit/projects/gamilit/apps/database/ddl/schemas/gamification_system/indexes/02-idx_active_boosts_user.sql,25,GAM
index,gamification_system,idx_inventory_transactions_user,/home/isem/workspace/workspace-gamilit/gamilit/projects/gamilit/apps/database/ddl/schemas/gamification_system/indexes/02-idx_inventory_transactions_user.sql,149,GAM
materialized_view,gamification_system,create,/home/isem/workspace/workspace-gamilit/gamilit/projects/gamilit/apps/database/ddl/schemas/gamification_system/materialized-views/01-mv_global_leaderboard.sql,88,GAM
materialized_view,gamification_system,create,/home/isem/workspace/workspace-gamilit/gamilit/projects/gamilit/apps/database/ddl/schemas/gamification_system/materialized-views/02-mv_classroom_leaderboard.sql,104,GAM
materialized_view,gamification_system,create,/home/isem/workspace/workspace-gamilit/gamilit/projects/gamilit/apps/database/ddl/schemas/gamification_system/materialized-views/03-mv_weekly_leaderboard.sql,98,GAM
materialized_view,gamification_system,mv_mechanic_leaderboard,/home/isem/workspace/workspace-gamilit/gamilit/projects/gamilit/apps/database/ddl/schemas/gamification_system/materialized-views/04-mv_mechanic_leaderboard.sql,111,GAM
unknown,gamification_system,01-enable-rls,/home/isem/workspace/workspace-gamilit/gamilit/projects/gamilit/apps/database/ddl/schemas/gamification_system/rls-policies/01-enable-rls.sql,33,GAM
unknown,gamification_system,02-ml-coins-policies,/home/isem/workspace/workspace-gamilit/gamilit/projects/gamilit/apps/database/ddl/schemas/gamification_system/rls-policies/02-ml-coins-policies.sql,92,GAM
unknown,gamification_system,02-policies,/home/isem/workspace/workspace-gamilit/gamilit/projects/gamilit/apps/database/ddl/schemas/gamification_system/rls-policies/02-policies.sql,160,GAM
unknown,gamification_system,03-achievements-policies,/home/isem/workspace/workspace-gamilit/gamilit/projects/gamilit/apps/database/ddl/schemas/gamification_system/rls-policies/03-achievements-policies.sql,120,GAM
unknown,gamification_system,03-grants,/home/isem/workspace/workspace-gamilit/gamilit/projects/gamilit/apps/database/ddl/schemas/gamification_system/rls-policies/03-grants.sql,26,GAM
unknown,gamification_system,04-user-stats-policies,/home/isem/workspace/workspace-gamilit/gamilit/projects/gamilit/apps/database/ddl/schemas/gamification_system/rls-policies/04-user-stats-policies.sql,139,GAM
unknown,gamification_system,05-inventory-missions-policies,/home/isem/workspace/workspace-gamilit/gamilit/projects/gamilit/apps/database/ddl/schemas/gamification_system/rls-policies/05-inventory-missions-policies.sql,104,GAM
unknown,gamification_system,06-notifications-leaderboard-policies,/home/isem/workspace/workspace-gamilit/gamilit/projects/gamilit/apps/database/ddl/schemas/gamification_system/rls-policies/06-notifications-leaderboard-policies.sql,117,GAM
trigger,gamification_system,user_stats,/home/isem/workspace/workspace-gamilit/gamilit/projects/gamilit/apps/database/ddl/schemas/gamification_system/tables/01-user_stats.sql,324,GAM
trigger,gamification_system,user_ranks,/home/isem/workspace/workspace-gamilit/gamilit/projects/gamilit/apps/database/ddl/schemas/gamification_system/tables/02-user_ranks.sql,100,GAM
trigger,gamification_system,achievements,/home/isem/workspace/workspace-gamilit/gamilit/projects/gamilit/apps/database/ddl/schemas/gamification_system/tables/03-achievements.sql,191,GAM
index,gamification_system,user_achievements,/home/isem/workspace/workspace-gamilit/gamilit/projects/gamilit/apps/database/ddl/schemas/gamification_system/tables/04-user_achievements.sql,171,GAM
index,gamification_system,ml_coins_transactions,/home/isem/workspace/workspace-gamilit/gamilit/projects/gamilit/apps/database/ddl/schemas/gamification_system/tables/05-ml_coins_transactions.sql,170,GAM
trigger,gamification_system,missions,/home/isem/workspace/workspace-gamilit/gamilit/projects/gamilit/apps/database/ddl/schemas/gamification_system/tables/06-missions.sql,173,GAM
trigger,gamification_system,comodines_inventory,/home/isem/workspace/workspace-gamilit/gamilit/projects/gamilit/apps/database/ddl/schemas/gamification_system/tables/07-comodines_inventory.sql,238,GAM
trigger,gamification_system,notifications,/home/isem/workspace/workspace-gamilit/gamilit/projects/gamilit/apps/database/ddl/schemas/gamification_system/tables/08-notifications.sql,152,GAM
table,gamification_system,leaderboard_metadata,/home/isem/workspace/workspace-gamilit/gamilit/projects/gamilit/apps/database/ddl/schemas/gamification_system/tables/09-leaderboard_metadata.sql,27,GAM
trigger,gamification_system,achievement_categories,/home/isem/workspace/workspace-gamilit/gamilit/projects/gamilit/apps/database/ddl/schemas/gamification_system/tables/10-achievement_categories.sql,56,GAM
trigger,gamification_system,active_boosts,/home/isem/workspace/workspace-gamilit/gamilit/projects/gamilit/apps/database/ddl/schemas/gamification_system/tables/11-active_boosts.sql,66,GAM
index,gamification_system,inventory_transactions,/home/isem/workspace/workspace-gamilit/gamilit/projects/gamilit/apps/database/ddl/schemas/gamification_system/tables/12-inventory_transactions.sql,60,GAM
trigger,gamification_system,maya_ranks,/home/isem/workspace/workspace-gamilit/gamilit/projects/gamilit/apps/database/ddl/schemas/gamification_system/tables/13-maya_ranks.sql,131,GAM
trigger,gamification_system,trg_achievements_updated_at,/home/isem/workspace/workspace-gamilit/gamilit/projects/gamilit/apps/database/ddl/schemas/gamification_system/triggers/15-trg_achievements_updated_at.sql,15,GAM
trigger,gamification_system,trg_comodines_inventory_updated_at,/home/isem/workspace/workspace-gamilit/gamilit/projects/gamilit/apps/database/ddl/schemas/gamification_system/triggers/16-trg_comodines_inventory_updated_at.sql,15,GAM
trigger,gamification_system,missions_updated_at,/home/isem/workspace/workspace-gamilit/gamilit/projects/gamilit/apps/database/ddl/schemas/gamification_system/triggers/17-missions_updated_at.sql,15,GAM
trigger,gamification_system,notifications_updated_at,/home/isem/workspace/workspace-gamilit/gamilit/projects/gamilit/apps/database/ddl/schemas/gamification_system/triggers/18-notifications_updated_at.sql,15,GAM
trigger,gamification_system,trg_recalculate_level_on_xp_change,/home/isem/workspace/workspace-gamilit/gamilit/projects/gamilit/apps/database/ddl/schemas/gamification_system/triggers/18-trg_recalculate_level_on_xp_change.sql,16,GAM
trigger,gamification_system,trg_user_ranks_updated_at,/home/isem/workspace/workspace-gamilit/gamilit/projects/gamilit/apps/database/ddl/schemas/gamification_system/triggers/19-trg_user_ranks_updated_at.sql,15,GAM
trigger,gamification_system,trg_user_stats_updated_at,/home/isem/workspace/workspace-gamilit/gamilit/projects/gamilit/apps/database/ddl/schemas/gamification_system/triggers/20-trg_user_stats_updated_at.sql,15,GAM
materialized_view,gamification_system,leaderboard_coins,/home/isem/workspace/workspace-gamilit/gamilit/projects/gamilit/apps/database/ddl/schemas/gamification_system/views/01-leaderboard_coins.sql,48,GAM
materialized_view,gamification_system,leaderboard_global,/home/isem/workspace/workspace-gamilit/gamilit/projects/gamilit/apps/database/ddl/schemas/gamification_system/views/02-leaderboard_global.sql,70,GAM
materialized_view,gamification_system,leaderboard_streaks,/home/isem/workspace/workspace-gamilit/gamilit/projects/gamilit/apps/database/ddl/schemas/gamification_system/views/03-leaderboard_streaks.sql,49,GAM
materialized_view,gamification_system,leaderboard_xp,/home/isem/workspace/workspace-gamilit/gamilit/projects/gamilit/apps/database/ddl/schemas/gamification_system/views/04-leaderboard_xp.sql,48,GAM
function,gamilit,audit_profile_changes,/home/isem/workspace/workspace-gamilit/gamilit/projects/gamilit/apps/database/ddl/schemas/gamilit/functions/01-audit_profile_changes.sql,67,CFG
function,gamilit,get_current_user_id,/home/isem/workspace/workspace-gamilit/gamilit/projects/gamilit/apps/database/ddl/schemas/gamilit/functions/02-get_current_user_id.sql,25,CFG
function,gamilit,get_current_user_role,/home/isem/workspace/workspace-gamilit/gamilit/projects/gamilit/apps/database/ddl/schemas/gamilit/functions/03-get_current_user_role.sql,26,CFG
function,gamilit,initialize_user_stats,/home/isem/workspace/workspace-gamilit/gamilit/projects/gamilit/apps/database/ddl/schemas/gamilit/functions/04-initialize_user_stats.sql,58,CFG
function,gamilit,is_admin,/home/isem/workspace/workspace-gamilit/gamilit/projects/gamilit/apps/database/ddl/schemas/gamilit/functions/05-is_admin.sql,83,CFG
function,gamilit,now_mexico,/home/isem/workspace/workspace-gamilit/gamilit/projects/gamilit/apps/database/ddl/schemas/gamilit/functions/08-now_mexico.sql,20,CFG
function,gamilit,set_profile_defaults,/home/isem/workspace/workspace-gamilit/gamilit/projects/gamilit/apps/database/ddl/schemas/gamilit/functions/09-set_profile_defaults.sql,26,CFG
function,gamilit,update_updated_at_column,/home/isem/workspace/workspace-gamilit/gamilit/projects/gamilit/apps/database/ddl/schemas/gamilit/functions/09-update_updated_at_column.sql,20,CFG
function,gamilit,update_classroom_member_count,/home/isem/workspace/workspace-gamilit/gamilit/projects/gamilit/apps/database/ddl/schemas/gamilit/functions/10-update_classroom_member_count.sql,33,CFG
function,gamilit,update_user_last_login,/home/isem/workspace/workspace-gamilit/gamilit/projects/gamilit/apps/database/ddl/schemas/gamilit/functions/11-update_user_last_login.sql,23,CFG
function,gamilit,validate_email_format,/home/isem/workspace/workspace-gamilit/gamilit/projects/gamilit/apps/database/ddl/schemas/gamilit/functions/12-validate_email_format.sql,22,CFG
function,gamilit,validate_username,/home/isem/workspace/workspace-gamilit/gamilit/projects/gamilit/apps/database/ddl/schemas/gamilit/functions/13-validate_username.sql,26,CFG
function,gamilit,update_user_stats_on_exercise_complete,/home/isem/workspace/workspace-gamilit/gamilit/projects/gamilit/apps/database/ddl/schemas/gamilit/functions/14-update_user_stats_on_exercise_complete.sql,147,CFG
function,progress_tracking,calculate_module_progress,/home/isem/workspace/workspace-gamilit/gamilit/projects/gamilit/apps/database/ddl/schemas/progress_tracking/functions/01-calculate_module_progress.sql,45,PRG
function,progress_tracking,get_user_progress_summary,/home/isem/workspace/workspace-gamilit/gamilit/projects/gamilit/apps/database/ddl/schemas/progress_tracking/functions/03-get_user_progress.sql,31,PRG
function,progress_tracking,update_exercise_submissions_updated_at,/home/isem/workspace/workspace-gamilit/gamilit/projects/gamilit/apps/database/ddl/schemas/progress_tracking/functions/04-record_exercise_attempt.sql,18,PRG
function,progress_tracking,get_classroom_analytics,/home/isem/workspace/workspace-gamilit/gamilit/projects/gamilit/apps/database/ddl/schemas/progress_tracking/functions/05-get_classroom_analytics.sql,72,PRG
function,progress_tracking,grant_mission_completion_rewards,/home/isem/workspace/workspace-gamilit/gamilit/projects/gamilit/apps/database/ddl/schemas/progress_tracking/functions/06-update_mission_progress.sql,92,PRG
function,progress_tracking,update_exercise_submissions_updated_at,/home/isem/workspace/workspace-gamilit/gamilit/projects/gamilit/apps/database/ddl/schemas/progress_tracking/functions/07-update_exercise_submissions_updated_at.sql,87,PRG
function,progress_tracking,check_mechanic_completion,/home/isem/workspace/workspace-gamilit/gamilit/projects/gamilit/apps/database/ddl/schemas/progress_tracking/functions/_deprecated/02-check_mechanic_completion.sql,56,PRG
index,progress_tracking,idx_module_progress_analytics_gin,/home/isem/workspace/workspace-gamilit/gamilit/projects/gamilit/apps/database/ddl/schemas/progress_tracking/indexes/01-idx_module_progress_analytics_gin.sql,26,PRG
index,progress_tracking,idx_scheduled_missions_mission,/home/isem/workspace/workspace-gamilit/gamilit/projects/gamilit/apps/database/ddl/schemas/progress_tracking/indexes/02-idx_scheduled_missions_mission.sql,24,PRG
unknown,progress_tracking,01-enable-rls,/home/isem/workspace/workspace-gamilit/gamilit/projects/gamilit/apps/database/ddl/schemas/progress_tracking/rls-policies/01-enable-rls.sql,23,PRG
unknown,progress_tracking,02-progress-policies,/home/isem/workspace/workspace-gamilit/gamilit/projects/gamilit/apps/database/ddl/schemas/progress_tracking/rls-policies/02-progress-policies.sql,242,PRG
trigger,progress_tracking,module_progress,/home/isem/workspace/workspace-gamilit/gamilit/projects/gamilit/apps/database/ddl/schemas/progress_tracking/tables/01-module_progress.sql,232,PRG
index,progress_tracking,learning_sessions,/home/isem/workspace/workspace-gamilit/gamilit/projects/gamilit/apps/database/ddl/schemas/progress_tracking/tables/02-learning_sessions.sql,214,PRG
trigger,progress_tracking,exercise_attempts,/home/isem/workspace/workspace-gamilit/gamilit/projects/gamilit/apps/database/ddl/schemas/progress_tracking/tables/03-exercise_attempts.sql,175,PRG
trigger,progress_tracking,exercise_submissions,/home/isem/workspace/workspace-gamilit/gamilit/projects/gamilit/apps/database/ddl/schemas/progress_tracking/tables/04-exercise_submissions.sql,201,PRG
index,progress_tracking,scheduled_missions,/home/isem/workspace/workspace-gamilit/gamilit/projects/gamilit/apps/database/ddl/schemas/progress_tracking/tables/05-scheduled_missions.sql,115,PRG
trigger,progress_tracking,trg_update_user_stats_on_exercise,/home/isem/workspace/workspace-gamilit/gamilit/projects/gamilit/apps/database/ddl/schemas/progress_tracking/triggers/21-trg_update_user_stats_on_exercise.sql,15,PRG
trigger,progress_tracking,exercise_submissions_updated_at,/home/isem/workspace/workspace-gamilit/gamilit/projects/gamilit/apps/database/ddl/schemas/progress_tracking/triggers/22-exercise_submissions_updated_at.sql,15,PRG
trigger,progress_tracking,trg_module_progress_updated_at,/home/isem/workspace/workspace-gamilit/gamilit/projects/gamilit/apps/database/ddl/schemas/progress_tracking/triggers/23-trg_module_progress_updated_at.sql,15,PRG
view,progress_tracking,user_progress_summary,/home/isem/workspace/workspace-gamilit/gamilit/projects/gamilit/apps/database/ddl/schemas/progress_tracking/views/user_progress_summary.sql,30,PRG
enum,public,aggregation_period,/home/isem/workspace/workspace-gamilit/gamilit/projects/gamilit/apps/database/ddl/schemas/public/enums/aggregation_period.sql,13,PUB
enum,public,attempt_result,/home/isem/workspace/workspace-gamilit/gamilit/projects/gamilit/apps/database/ddl/schemas/public/enums/attempt_result.sql,12,PUB
enum,public,content_type,/home/isem/workspace/workspace-gamilit/gamilit/projects/gamilit/apps/database/ddl/schemas/public/enums/content_type.sql,14,PUB
enum,public,metric_type,/home/isem/workspace/workspace-gamilit/gamilit/projects/gamilit/apps/database/ddl/schemas/public/enums/metric_type.sql,15,PUB
enum,public,social_event_type,/home/isem/workspace/workspace-gamilit/gamilit/projects/gamilit/apps/database/ddl/schemas/public/enums/social_event_type.sql,13,PUB
function,public,cleanup_old_system_logs,/home/isem/workspace/workspace-gamilit/gamilit/projects/gamilit/apps/database/ddl/schemas/public/functions/01-cleanup_old_system_logs.sql,52,PUB
function,public,cleanup_old_user_activity,/home/isem/workspace/workspace-gamilit/gamilit/projects/gamilit/apps/database/ddl/schemas/public/functions/02-cleanup_old_user_activity.sql,52,PUB
function,public,is_feature_enabled,/home/isem/workspace/workspace-gamilit/gamilit/projects/gamilit/apps/database/ddl/schemas/public/functions/03-is_feature_enabled.sql,117,PUB
function,public,log_system_event,/home/isem/workspace/workspace-gamilit/gamilit/projects/gamilit/apps/database/ddl/schemas/public/functions/04-log_system_event.sql,70,PUB
function,public,send_notification,/home/isem/workspace/workspace-gamilit/gamilit/projects/gamilit/apps/database/ddl/schemas/public/functions/05-send_notification.sql,109,PUB
function,public,update_feature_flag,/home/isem/workspace/workspace-gamilit/gamilit/projects/gamilit/apps/database/ddl/schemas/public/functions/06-update_feature_flag.sql,117,PUB
function,public,validate_date_range,/home/isem/workspace/workspace-gamilit/gamilit/projects/gamilit/apps/database/ddl/schemas/public/functions/07-validate_date_range.sql,93,PUB
index,public,idx_user_achievements_completed,/home/isem/workspace/workspace-gamilit/gamilit/projects/gamilit/apps/database/ddl/schemas/public/indexes/239-idx_user_achievements_completed.sql,14,PUB
index,public,idx_user_achievements_unclaimed,/home/isem/workspace/workspace-gamilit/gamilit/projects/gamilit/apps/database/ddl/schemas/public/indexes/240-idx_user_achievements_unclaimed.sql,14,PUB
index,public,idx_user_achievements_user_completed,/home/isem/workspace/workspace-gamilit/gamilit/projects/gamilit/apps/database/ddl/schemas/public/indexes/241-idx_user_achievements_user_completed.sql,14,PUB
index,public,idx_user_achievements_user_id,/home/isem/workspace/workspace-gamilit/gamilit/projects/gamilit/apps/database/ddl/schemas/public/indexes/242-idx_user_achievements_user_id.sql,14,PUB
index,public,idx_user_activity_created_at,/home/isem/workspace/workspace-gamilit/gamilit/projects/gamilit/apps/database/ddl/schemas/public/indexes/243-idx_user_activity_created_at.sql,14,PUB
index,public,idx_user_activity_metadata,/home/isem/workspace/workspace-gamilit/gamilit/projects/gamilit/apps/database/ddl/schemas/public/indexes/244-idx_user_activity_metadata.sql,14,PUB
index,public,idx_user_activity_type,/home/isem/workspace/workspace-gamilit/gamilit/projects/gamilit/apps/database/ddl/schemas/public/indexes/245-idx_user_activity_type.sql,14,PUB
index,public,idx_user_activity_user_id,/home/isem/workspace/workspace-gamilit/gamilit/projects/gamilit/apps/database/ddl/schemas/public/indexes/246-idx_user_activity_user_id.sql,14,PUB
index,public,idx_user_ranks_current,/home/isem/workspace/workspace-gamilit/gamilit/projects/gamilit/apps/database/ddl/schemas/public/indexes/247-idx_user_ranks_current.sql,14,PUB
index,public,idx_user_ranks_is_current,/home/isem/workspace/workspace-gamilit/gamilit/projects/gamilit/apps/database/ddl/schemas/public/indexes/248-idx_user_ranks_is_current.sql,14,PUB
index,public,idx_user_ranks_user_id,/home/isem/workspace/workspace-gamilit/gamilit/projects/gamilit/apps/database/ddl/schemas/public/indexes/249-idx_user_ranks_user_id.sql,14,PUB
index,public,idx_user_roles_role,/home/isem/workspace/workspace-gamilit/gamilit/projects/gamilit/apps/database/ddl/schemas/public/indexes/250-idx_user_roles_role.sql,14,PUB
index,public,idx_user_roles_tenant_id,/home/isem/workspace/workspace-gamilit/gamilit/projects/gamilit/apps/database/ddl/schemas/public/indexes/251-idx_user_roles_tenant_id.sql,14,PUB
index,public,idx_user_roles_user_id,/home/isem/workspace/workspace-gamilit/gamilit/projects/gamilit/apps/database/ddl/schemas/public/indexes/252-idx_user_roles_user_id.sql,14,PUB
index,public,idx_user_sessions_active,/home/isem/workspace/workspace-gamilit/gamilit/projects/gamilit/apps/database/ddl/schemas/public/indexes/253-idx_user_sessions_active.sql,14,PUB
index,public,idx_user_sessions_expires,/home/isem/workspace/workspace-gamilit/gamilit/projects/gamilit/apps/database/ddl/schemas/public/indexes/254-idx_user_sessions_expires.sql,14,PUB
index,public,idx_user_sessions_refresh_token_hash,/home/isem/workspace/workspace-gamilit/gamilit/projects/gamilit/apps/database/ddl/schemas/public/indexes/255-idx_user_sessions_refresh_token_hash.sql,16,PUB
index,public,idx_user_sessions_session_token_hash,/home/isem/workspace/workspace-gamilit/gamilit/projects/gamilit/apps/database/ddl/schemas/public/indexes/256-idx_user_sessions_session_token_hash.sql,16,PUB
index,public,idx_user_sessions_token,/home/isem/workspace/workspace-gamilit/gamilit/projects/gamilit/apps/database/ddl/schemas/public/indexes/257-idx_user_sessions_token.sql,14,PUB
index,public,idx_user_sessions_user_id,/home/isem/workspace/workspace-gamilit/gamilit/projects/gamilit/apps/database/ddl/schemas/public/indexes/258-idx_user_sessions_user_id.sql,14,PUB
index,public,idx_user_stats_global_rank,/home/isem/workspace/workspace-gamilit/gamilit/projects/gamilit/apps/database/ddl/schemas/public/indexes/259-idx_user_stats_global_rank.sql,14,PUB
index,public,idx_user_stats_level,/home/isem/workspace/workspace-gamilit/gamilit/projects/gamilit/apps/database/ddl/schemas/public/indexes/260-idx_user_stats_level.sql,14,PUB
index,public,idx_user_stats_ml_coins,/home/isem/workspace/workspace-gamilit/gamilit/projects/gamilit/apps/database/ddl/schemas/public/indexes/261-idx_user_stats_ml_coins.sql,14,PUB
index,public,idx_user_stats_streak,/home/isem/workspace/workspace-gamilit/gamilit/projects/gamilit/apps/database/ddl/schemas/public/indexes/262-idx_user_stats_streak.sql,14,PUB
index,public,idx_user_stats_tenant_id,/home/isem/workspace/workspace-gamilit/gamilit/projects/gamilit/apps/database/ddl/schemas/public/indexes/263-idx_user_stats_tenant_id.sql,14,PUB
index,public,idx_user_stats_tenant_level,/home/isem/workspace/workspace-gamilit/gamilit/projects/gamilit/apps/database/ddl/schemas/public/indexes/264-idx_user_stats_tenant_level.sql,14,PUB
index,public,idx_user_stats_user_id,/home/isem/workspace/workspace-gamilit/gamilit/projects/gamilit/apps/database/ddl/schemas/public/indexes/265-idx_user_stats_user_id.sql,14,PUB
index,public,idx_user_suspensions_suspended_by,/home/isem/workspace/workspace-gamilit/gamilit/projects/gamilit/apps/database/ddl/schemas/public/indexes/266-idx_user_suspensions_suspended_by.sql,14,PUB
index,public,idx_user_suspensions_until,/home/isem/workspace/workspace-gamilit/gamilit/projects/gamilit/apps/database/ddl/schemas/public/indexes/267-idx_user_suspensions_until.sql,14,PUB
index,public,idx_user_suspensions_user_id,/home/isem/workspace/workspace-gamilit/gamilit/projects/gamilit/apps/database/ddl/schemas/public/indexes/268-idx_user_suspensions_user_id.sql,14,PUB
index,public,idx_achievements_active,/home/isem/workspace/workspace-gamilit/gamilit/projects/gamilit/apps/database/ddl/schemas/public/indexes/idx_achievements_active.sql,5,PUB
index,public,idx_achievements_category,/home/isem/workspace/workspace-gamilit/gamilit/projects/gamilit/apps/database/ddl/schemas/public/indexes/idx_achievements_category.sql,5,PUB
index,public,idx_achievements_conditions_gin,/home/isem/workspace/workspace-gamilit/gamilit/projects/gamilit/apps/database/ddl/schemas/public/indexes/idx_achievements_conditions_gin.sql,5,PUB
index,public,idx_achievements_secret,/home/isem/workspace/workspace-gamilit/gamilit/projects/gamilit/apps/database/ddl/schemas/public/indexes/idx_achievements_secret.sql,5,PUB
index,public,idx_activity_created,/home/isem/workspace/workspace-gamilit/gamilit/projects/gamilit/apps/database/ddl/schemas/public/indexes/idx_activity_created.sql,5,PUB
index,public,idx_activity_module,/home/isem/workspace/workspace-gamilit/gamilit/projects/gamilit/apps/database/ddl/schemas/public/indexes/idx_activity_module.sql,5,PUB
index,public,idx_activity_session,/home/isem/workspace/workspace-gamilit/gamilit/projects/gamilit/apps/database/ddl/schemas/public/indexes/idx_activity_session.sql,5,PUB
index,public,idx_activity_type,/home/isem/workspace/workspace-gamilit/gamilit/projects/gamilit/apps/database/ddl/schemas/public/indexes/idx_activity_type.sql,5,PUB
index,public,idx_activity_user,/home/isem/workspace/workspace-gamilit/gamilit/projects/gamilit/apps/database/ddl/schemas/public/indexes/idx_activity_user.sql,5,PUB
index,public,idx_alerts_open,/home/isem/workspace/workspace-gamilit/gamilit/projects/gamilit/apps/database/ddl/schemas/public/indexes/idx_alerts_open.sql,5,PUB
index,public,idx_alerts_severity,/home/isem/workspace/workspace-gamilit/gamilit/projects/gamilit/apps/database/ddl/schemas/public/indexes/idx_alerts_severity.sql,5,PUB
index,public,idx_alerts_status,/home/isem/workspace/workspace-gamilit/gamilit/projects/gamilit/apps/database/ddl/schemas/public/indexes/idx_alerts_status.sql,5,PUB
index,public,idx_alerts_triggered,/home/isem/workspace/workspace-gamilit/gamilit/projects/gamilit/apps/database/ddl/schemas/public/indexes/idx_alerts_triggered.sql,5,PUB
index,public,idx_alerts_type,/home/isem/workspace/workspace-gamilit/gamilit/projects/gamilit/apps/database/ddl/schemas/public/indexes/idx_alerts_type.sql,5,PUB
index,public,idx_assignment_classrooms_assignment_id,/home/isem/workspace/workspace-gamilit/gamilit/projects/gamilit/apps/database/ddl/schemas/public/indexes/idx_assignment_classrooms_assignment_id.sql,5,PUB
index,public,idx_assignment_classrooms_classroom_id,/home/isem/workspace/workspace-gamilit/gamilit/projects/gamilit/apps/database/ddl/schemas/public/indexes/idx_assignment_classrooms_classroom_id.sql,5,PUB
index,public,idx_assignment_exercises_assignment_id,/home/isem/workspace/workspace-gamilit/gamilit/projects/gamilit/apps/database/ddl/schemas/public/indexes/idx_assignment_exercises_assignment_id.sql,5,PUB
index,public,idx_assignment_exercises_exercise_id,/home/isem/workspace/workspace-gamilit/gamilit/projects/gamilit/apps/database/ddl/schemas/public/indexes/idx_assignment_exercises_exercise_id.sql,5,PUB
index,public,idx_assignment_exercises_order,/home/isem/workspace/workspace-gamilit/gamilit/projects/gamilit/apps/database/ddl/schemas/public/indexes/idx_assignment_exercises_order.sql,5,PUB
index,public,idx_assignment_students_assignment_id,/home/isem/workspace/workspace-gamilit/gamilit/projects/gamilit/apps/database/ddl/schemas/public/indexes/idx_assignment_students_assignment_id.sql,5,PUB
index,public,idx_assignment_students_student_id,/home/isem/workspace/workspace-gamilit/gamilit/projects/gamilit/apps/database/ddl/schemas/public/indexes/idx_assignment_students_student_id.sql,5,PUB
index,public,idx_assignment_submissions_assignment_id,/home/isem/workspace/workspace-gamilit/gamilit/projects/gamilit/apps/database/ddl/schemas/public/indexes/idx_assignment_submissions_assignment_id.sql,5,PUB
index,public,idx_assignment_submissions_graded_by,/home/isem/workspace/workspace-gamilit/gamilit/projects/gamilit/apps/database/ddl/schemas/public/indexes/idx_assignment_submissions_graded_by.sql,5,PUB
index,public,idx_assignment_submissions_status,/home/isem/workspace/workspace-gamilit/gamilit/projects/gamilit/apps/database/ddl/schemas/public/indexes/idx_assignment_submissions_status.sql,5,PUB
index,public,idx_assignment_submissions_student_id,/home/isem/workspace/workspace-gamilit/gamilit/projects/gamilit/apps/database/ddl/schemas/public/indexes/idx_assignment_submissions_student_id.sql,5,PUB
index,public,idx_assignment_submissions_submitted_at,/home/isem/workspace/workspace-gamilit/gamilit/projects/gamilit/apps/database/ddl/schemas/public/indexes/idx_assignment_submissions_submitted_at.sql,5,PUB
index,public,idx_assignments_due_date,/home/isem/workspace/workspace-gamilit/gamilit/projects/gamilit/apps/database/ddl/schemas/public/indexes/idx_assignments_due_date.sql,5,PUB
index,public,idx_assignments_is_published,/home/isem/workspace/workspace-gamilit/gamilit/projects/gamilit/apps/database/ddl/schemas/public/indexes/idx_assignments_is_published.sql,5,PUB
index,public,idx_assignments_teacher_id,/home/isem/workspace/workspace-gamilit/gamilit/projects/gamilit/apps/database/ddl/schemas/public/indexes/idx_assignments_teacher_id.sql,5,PUB
index,public,idx_assignments_type,/home/isem/workspace/workspace-gamilit/gamilit/projects/gamilit/apps/database/ddl/schemas/public/indexes/idx_assignments_type.sql,5,PUB
index,public,idx_audit_logs_actor,/home/isem/workspace/workspace-gamilit/gamilit/projects/gamilit/apps/database/ddl/schemas/public/indexes/idx_audit_logs_actor.sql,5,PUB
index,public,idx_audit_logs_correlation,/home/isem/workspace/workspace-gamilit/gamilit/projects/gamilit/apps/database/ddl/schemas/public/indexes/idx_audit_logs_correlation.sql,5,PUB
index,public,idx_audit_logs_created,/home/isem/workspace/workspace-gamilit/gamilit/projects/gamilit/apps/database/ddl/schemas/public/indexes/idx_audit_logs_created.sql,5,PUB
index,public,idx_audit_logs_event_type,/home/isem/workspace/workspace-gamilit/gamilit/projects/gamilit/apps/database/ddl/schemas/public/indexes/idx_audit_logs_event_type.sql,5,PUB
index,public,assignment_classrooms,/home/isem/workspace/workspace-gamilit/gamilit/projects/gamilit/apps/database/ddl/schemas/public/tables/assignment_classrooms.sql,19,PUB
index,public,assignment_exercises,/home/isem/workspace/workspace-gamilit/gamilit/projects/gamilit/apps/database/ddl/schemas/public/tables/assignment_exercises.sql,22,PUB
index,public,assignment_students,/home/isem/workspace/workspace-gamilit/gamilit/projects/gamilit/apps/database/ddl/schemas/public/tables/assignment_students.sql,19,PUB
trigger,public,assignment_submissions,/home/isem/workspace/workspace-gamilit/gamilit/projects/gamilit/apps/database/ddl/schemas/public/tables/assignment_submissions.sql,38,PUB
trigger,public,assignments,/home/isem/workspace/workspace-gamilit/gamilit/projects/gamilit/apps/database/ddl/schemas/public/tables/assignments.sql,35,PUB
index,public,teacher_notes,/home/isem/workspace/workspace-gamilit/gamilit/projects/gamilit/apps/database/ddl/schemas/public/tables/teacher_notes.sql,23,PUB
trigger,public,trg_assignment_classrooms_updated_at,/home/isem/workspace/workspace-gamilit/gamilit/projects/gamilit/apps/database/ddl/schemas/public/triggers/01-trg_assignment_classrooms_updated_at.sql,14,PUB
trigger,public,trg_assignment_exercises_updated_at,/home/isem/workspace/workspace-gamilit/gamilit/projects/gamilit/apps/database/ddl/schemas/public/triggers/02-trg_assignment_exercises_updated_at.sql,14,PUB
trigger,public,trg_assignment_students_updated_at,/home/isem/workspace/workspace-gamilit/gamilit/projects/gamilit/apps/database/ddl/schemas/public/triggers/03-trg_assignment_students_updated_at.sql,14,PUB
trigger,public,trg_assignment_submissions_updated_at,/home/isem/workspace/workspace-gamilit/gamilit/projects/gamilit/apps/database/ddl/schemas/public/triggers/04-trg_assignment_submissions_updated_at.sql,14,PUB
trigger,public,trg_assignments_updated_at,/home/isem/workspace/workspace-gamilit/gamilit/projects/gamilit/apps/database/ddl/schemas/public/triggers/05-trg_assignments_updated_at.sql,14,PUB
trigger,public,trg_teacher_notes_updated_at,/home/isem/workspace/workspace-gamilit/gamilit/projects/gamilit/apps/database/ddl/schemas/public/triggers/09-trg_teacher_notes_updated_at.sql,14,PUB
trigger,public,trg_assignment_audit_creation,/home/isem/workspace/workspace-gamilit/gamilit/projects/gamilit/apps/database/ddl/schemas/public/triggers/10-trg_assignment_audit_creation.sql,16,PUB
trigger,public,trg_assignment_submissions_publish,/home/isem/workspace/workspace-gamilit/gamilit/projects/gamilit/apps/database/ddl/schemas/public/triggers/11-trg_assignment_submissions_publish.sql,16,PUB
view,public,01-assignment_submission_stats,/home/isem/workspace/workspace-gamilit/gamilit/projects/gamilit/apps/database/ddl/schemas/public/views/01-assignment_submission_stats.sql,67,PUB
view,public,02-classroom_overview,/home/isem/workspace/workspace-gamilit/gamilit/projects/gamilit/apps/database/ddl/schemas/public/views/02-classroom_overview.sql,73,PUB
view,public,03-for,/home/isem/workspace/workspace-gamilit/gamilit/projects/gamilit/apps/database/ddl/schemas/public/views/03-for.sql,49,PUB
function,social_features,cleanup_old_notifications,/home/isem/workspace/workspace-gamilit/gamilit/projects/gamilit/apps/database/ddl/schemas/social_features/functions/cleanup_old_notifications.sql,42,SOC
unknown,social_features,01-enable-rls,/home/isem/workspace/workspace-gamilit/gamilit/projects/gamilit/apps/database/ddl/schemas/social_features/rls-policies/01-enable-rls.sql,29,SOC
unknown,social_features,02-policies,/home/isem/workspace/workspace-gamilit/gamilit/projects/gamilit/apps/database/ddl/schemas/social_features/rls-policies/02-policies.sql,219,SOC
unknown,social_features,02-schools-policies,/home/isem/workspace/workspace-gamilit/gamilit/projects/gamilit/apps/database/ddl/schemas/social_features/rls-policies/02-schools-policies.sql,67,SOC
unknown,social_features,03-classrooms-policies,/home/isem/workspace/workspace-gamilit/gamilit/projects/gamilit/apps/database/ddl/schemas/social_features/rls-policies/03-classrooms-policies.sql,102,SOC
unknown,social_features,03-grants,/home/isem/workspace/workspace-gamilit/gamilit/projects/gamilit/apps/database/ddl/schemas/social_features/rls-policies/03-grants.sql,25,SOC
unknown,social_features,04-classroom-members-policies,/home/isem/workspace/workspace-gamilit/gamilit/projects/gamilit/apps/database/ddl/schemas/social_features/rls-policies/04-classroom-members-policies.sql,74,SOC
unknown,social_features,05-friendships-policies,/home/isem/workspace/workspace-gamilit/gamilit/projects/gamilit/apps/database/ddl/schemas/social_features/rls-policies/05-friendships-policies.sql,59,SOC
unknown,social_features,06-teams-policies,/home/isem/workspace/workspace-gamilit/gamilit/projects/gamilit/apps/database/ddl/schemas/social_features/rls-policies/06-teams-policies.sql,70,SOC
index,social_features,friendships,/home/isem/workspace/workspace-gamilit/gamilit/projects/gamilit/apps/database/ddl/schemas/social_features/tables/01-friendships.sql,116,SOC
trigger,social_features,schools,/home/isem/workspace/workspace-gamilit/gamilit/projects/gamilit/apps/database/ddl/schemas/social_features/tables/02-schools.sql,152,SOC
trigger,social_features,classrooms,/home/isem/workspace/workspace-gamilit/gamilit/projects/gamilit/apps/database/ddl/schemas/social_features/tables/03-classrooms.sql,189,SOC
trigger,social_features,classroom_members,/home/isem/workspace/workspace-gamilit/gamilit/projects/gamilit/apps/database/ddl/schemas/social_features/tables/04-classroom_members.sql,190,SOC
trigger,social_features,teams,/home/isem/workspace/workspace-gamilit/gamilit/projects/gamilit/apps/database/ddl/schemas/social_features/tables/05-teams.sql,181,SOC
index,social_features,team_members,/home/isem/workspace/workspace-gamilit/gamilit/projects/gamilit/apps/database/ddl/schemas/social_features/tables/06-team_members.sql,115,SOC
index,social_features,team_challenges,/home/isem/workspace/workspace-gamilit/gamilit/projects/gamilit/apps/database/ddl/schemas/social_features/tables/07-team_challenges.sql,108,SOC
trigger,social_features,trg_classroom_members_updated_at,/home/isem/workspace/workspace-gamilit/gamilit/projects/gamilit/apps/database/ddl/schemas/social_features/triggers/24-trg_classroom_members_updated_at.sql,15,SOC
trigger,social_features,trg_update_classroom_count,/home/isem/workspace/workspace-gamilit/gamilit/projects/gamilit/apps/database/ddl/schemas/social_features/triggers/25-trg_update_classroom_count.sql,15,SOC
trigger,social_features,trg_classrooms_updated_at,/home/isem/workspace/workspace-gamilit/gamilit/projects/gamilit/apps/database/ddl/schemas/social_features/triggers/26-trg_classrooms_updated_at.sql,15,SOC
trigger,social_features,trg_schools_updated_at,/home/isem/workspace/workspace-gamilit/gamilit/projects/gamilit/apps/database/ddl/schemas/social_features/triggers/27-trg_schools_updated_at.sql,15,SOC
trigger,social_features,trg_teams_updated_at,/home/isem/workspace/workspace-gamilit/gamilit/projects/gamilit/apps/database/ddl/schemas/social_features/triggers/28-trg_teams_updated_at.sql,15,SOC
enum,storage,buckettype,/home/isem/workspace/workspace-gamilit/gamilit/projects/gamilit/apps/database/ddl/schemas/storage/enums/buckettype.sql,6,STO
unknown,system_configuration,01-policies,/home/isem/workspace/workspace-gamilit/gamilit/projects/gamilit/apps/database/ddl/schemas/system_configuration/rls-policies/01-policies.sql,70,CFG
trigger,system_configuration,system_settings,/home/isem/workspace/workspace-gamilit/gamilit/projects/gamilit/apps/database/ddl/schemas/system_configuration/tables/01-system_settings.sql,113,CFG
trigger,system_configuration,feature_flags,/home/isem/workspace/workspace-gamilit/gamilit/projects/gamilit/apps/database/ddl/schemas/system_configuration/tables/02-feature_flags.sql,112,CFG
trigger,system_configuration,notification_settings,/home/isem/workspace/workspace-gamilit/gamilit/projects/gamilit/apps/database/ddl/schemas/system_configuration/tables/03-notification_settings.sql,138,CFG
trigger,system_configuration,trg_feature_flags_updated_at,/home/isem/workspace/workspace-gamilit/gamilit/projects/gamilit/apps/database/ddl/schemas/system_configuration/triggers/29-trg_feature_flags_updated_at.sql,15,CFG
trigger,system_configuration,trg_system_settings_updated_at,/home/isem/workspace/workspace-gamilit/gamilit/projects/gamilit/apps/database/ddl/schemas/system_configuration/triggers/30-trg_system_settings_updated_at.sql,15,CFG
