Schema,Tipo,Nombre_Objeto,Prioridad,Impacto,Archivo_Origen,Accion_Requerida
auth_management,table,02-profiles,CRITICA,Sistema de perfiles incompleto,schemas/auth_management/tables/02-profiles.sql,Migrar inmediatamente
auth_management,table,03-user_roles,CRITICA,RBAC no funcional,schemas/auth_management/tables/03-user_roles.sql,Migrar inmediatamente
auth_management,table,04-memberships,CRITICA,Sistema de organizaciones ausente,schemas/auth_management/tables/04-memberships.sql,Migrar inmediatamente
auth_management,table,05-auth_attempts,CRITICA,Sin tracking de intentos fallidos,schemas/auth_management/tables/05-auth_attempts.sql,Migrar inmediatamente
auth_management,table,06-user_sessions,CRITICA,Gestión de sesiones ausente,schemas/auth_management/tables/06-user_sessions.sql,Migrar inmediatamente
auth_management,table,07-email_verification_tokens,CRITICA,Verificación de email no funcional,schemas/auth_management/tables/07-email_verification_tokens.sql,Migrar inmediatamente
auth_management,table,08-password_reset_tokens,CRITICA,Reset de password no funcional,schemas/auth_management/tables/08-password_reset_tokens.sql,Migrar inmediatamente
auth_management,table,09-security_events,CRITICA,Sin auditoría de seguridad,schemas/auth_management/tables/09-security_events.sql,Migrar inmediatamente
auth_management,table,10-user_preferences,ALTA,Preferencias de usuario ausentes,schemas/auth_management/tables/10-user_preferences.sql,Migrar en sprint actual
auth_management,function,06-user_has_permission,CRITICA,Verificación de permisos ausente,schemas/auth_management/functions/06-user_has_permission.sql,Migrar inmediatamente
auth_management,function,07-get_user_role,CRITICA,Obtención de rol ausente,schemas/auth_management/functions/07-get_user_role.sql,Migrar inmediatamente
auth_management,function,08-assign_role_to_user,CRITICA,Asignación de roles no funcional,schemas/auth_management/functions/08-assign_role_to_user.sql,Migrar inmediatamente
auth_management,function,09-revoke_role_from_user,CRITICA,Revocación de roles no funcional,schemas/auth_management/functions/09-revoke_role_from_user.sql,Migrar inmediatamente
auth_management,rls-policy,01-enable-rls,CRITICA,RLS no habilitado,schemas/auth_management/rls-policies/01-enable-rls.sql,Migrar inmediatamente
auth_management,rls-policy,02-policies,CRITICA,Sin políticas de seguridad,schemas/auth_management/rls-policies/02-policies.sql,Migrar inmediatamente
auth_management,rls-policy,03-grants,CRITICA,Sin permisos configurados,schemas/auth_management/rls-policies/03-grants.sql,Migrar inmediatamente
auth_management,rls-policy,04-user_roles-rls,CRITICA,Roles sin protección RLS,schemas/auth_management/rls-policies/04-user_roles-rls.sql,Migrar inmediatamente
auth_management,rls-policy,05-tenants-rls,ALTA,Multi-tenancy sin RLS,schemas/auth_management/rls-policies/05-tenants-rls.sql,Migrar en sprint actual
auth_management,index,01-idx_user_roles_permissions_gin,MEDIA,Performance de roles reducida,schemas/auth_management/indexes/01-idx_user_roles_permissions_gin.sql,Optimizar después
auth_management,index,01-user_sessions_indexes,MEDIA,Performance de sesiones reducida,schemas/auth_management/indexes/01-user_sessions_indexes.sql,Optimizar después
auth_management,index,02-user_preferences_indexes,BAJA,Performance de preferencias reducida,schemas/auth_management/indexes/02-user_preferences_indexes.sql,Optimizar después
gamification_system,function,01-award_ml_coins,CRITICA,Sistema de monedas no funcional,schemas/gamification_system/functions/01-award_ml_coins.sql,Migrar inmediatamente
gamification_system,function,02-calculate_level_from_xp,CRITICA,Cálculo de nivel ausente,schemas/gamification_system/functions/02-calculate_level_from_xp.sql,Migrar inmediatamente
gamification_system,function,03-calculate_xp_for_next_level,CRITICA,Progresión XP no funcional,schemas/gamification_system/functions/03-calculate_xp_for_next_level.sql,Migrar inmediatamente
gamification_system,function,04-get_user_rank_requirements,CRITICA,Requisitos de rango ausentes,schemas/gamification_system/functions/04-get_user_rank_requirements.sql,Migrar inmediatamente
gamification_system,function,05-spend_ml_coins,CRITICA,Gasto de monedas no funcional,schemas/gamification_system/functions/05-spend_ml_coins.sql,Migrar inmediatamente
gamification_system,function,06-award_achievement,CRITICA,Logros no otorgables,schemas/gamification_system/functions/06-award_achievement.sql,Migrar inmediatamente
gamification_system,function,07-check_achievement_progress,ALTA,Progreso de logros sin tracking,schemas/gamification_system/functions/07-check_achievement_progress.sql,Migrar en sprint actual
gamification_system,function,08-use_comodín,ALTA,Comodines no utilizables,schemas/gamification_system/functions/08-use_comodín.sql,Migrar en sprint actual
gamification_system,function,09-check_comodín_expiry,ALTA,Expiración de comodines sin validar,schemas/gamification_system/functions/09-check_comodín_expiry.sql,Migrar en sprint actual
gamification_system,function,10-update_leaderboard,ALTA,Leaderboards no actualizables,schemas/gamification_system/functions/10-update_leaderboard.sql,Migrar en sprint actual
gamification_system,function,11-update_user_rank_progress,CRITICA,Progreso de rango no actualizable,schemas/gamification_system/functions/11-update_user_rank_progress.sql,Migrar inmediatamente
gamification_system,function,12-get_user_leaderboard_position,MEDIA,Posición en leaderboard ausente,schemas/gamification_system/functions/12-get_user_leaderboard_position.sql,Migrar en sprint actual
gamification_system,function,13-calculate_streak,MEDIA,Rachas no calculables,schemas/gamification_system/functions/13-calculate_streak.sql,Migrar en sprint actual
gamification_system,function,14-check_rank_promotion,CRITICA,Promoción de rango no funcional,schemas/gamification_system/functions/14-check_rank_promotion.sql,Migrar inmediatamente
gamification_system,function,15-unlock_achievement,ALTA,Desbloqueo de logros ausente,schemas/gamification_system/functions/15-unlock_achievement.sql,Migrar en sprint actual
gamification_system,function,16-activate_boost,MEDIA,Boosts no activables,schemas/gamification_system/functions/16-activate_boost.sql,Migrar en sprint actual
gamification_system,function,17-get_maya_rank_by_level,ALTA,Obtención de rango maya ausente,schemas/gamification_system/functions/17-get_maya_rank_by_level.sql,Migrar en sprint actual
gamification_system,index,02-achievement_categories_indexes,MEDIA,Performance de categorías reducida,schemas/gamification_system/indexes/02-achievement_categories_indexes.sql,Optimizar después
gamification_system,index,02-user_stats_indexes,ALTA,Performance de stats crítica,schemas/gamification_system/indexes/02-user_stats_indexes.sql,Migrar en sprint actual
gamification_system,index,03-active_boosts_indexes,MEDIA,Performance de boosts reducida,schemas/gamification_system/indexes/03-active_boosts_indexes.sql,Optimizar después
gamification_system,index,03-notifications_indexes,MEDIA,Performance de notificaciones reducida,schemas/gamification_system/indexes/03-notifications_indexes.sql,Optimizar después
gamification_system,index,04-inventory_transactions_indexes,MEDIA,Performance de inventario reducida,schemas/gamification_system/indexes/04-inventory_transactions_indexes.sql,Optimizar después
gamification_system,materialized-view,99-refresh-schedule,MEDIA,Refresh automático ausente,schemas/gamification_system/materialized-views/99-refresh-schedule.sql,Planificar implementación
gamification_system,materialized-view,check-mv-freshness,BAJA,Verificación de frescura ausente,schemas/gamification_system/materialized-views/check-mv-freshness.sql,Planificar implementación
gamification_system,materialized-view,rebuild-all-mvs,BAJA,Rebuild masivo ausente,schemas/gamification_system/materialized-views/rebuild-all-mvs.sql,Planificar implementación
gamification_system,materialized-view,refresh-all-mvs,BAJA,Refresh masivo ausente,schemas/gamification_system/materialized-views/refresh-all-mvs.sql,Planificar implementación
social_features,table,01-schools,CRITICA,Escuelas ausentes,schemas/social_features/tables/01-schools.sql,VALIDAR ALCANCE - Migrar si en scope
social_features,table,02-classrooms,CRITICA,Aulas ausentes,schemas/social_features/tables/02-classrooms.sql,VALIDAR ALCANCE - Migrar si en scope
social_features,table,03-classroom_members,CRITICA,Miembros de aula ausentes,schemas/social_features/tables/03-classroom_members.sql,VALIDAR ALCANCE - Migrar si en scope
social_features,table,04-teams,CRITICA,Equipos ausentes,schemas/social_features/tables/04-teams.sql,VALIDAR ALCANCE - Migrar si en scope
social_features,table,05-team_members,CRITICA,Miembros de equipo ausentes,schemas/social_features/tables/05-team_members.sql,VALIDAR ALCANCE - Migrar si en scope
social_features,table,06-friendships,ALTA,Amistades ausentes,schemas/social_features/tables/06-friendships.sql,VALIDAR ALCANCE - Migrar si en scope
social_features,table,07-notifications,ALTA,Notificaciones ausentes,schemas/social_features/tables/07-notifications.sql,VALIDAR ALCANCE - Migrar si en scope
social_features,function,01-cleanup_old_notifications,MEDIA,Limpieza de notificaciones ausente,schemas/social_features/functions/01-cleanup_old_notifications.sql,Migrar si social_features en scope
social_features,index,01-friendships_indexes,MEDIA,Performance de amistades reducida,schemas/social_features/indexes/01-friendships_indexes.sql,Migrar si social_features en scope
social_features,index,02-classroom_members_indexes,MEDIA,Performance de miembros reducida,schemas/social_features/indexes/02-classroom_members_indexes.sql,Migrar si social_features en scope
social_features,index,03-schools_indexes,MEDIA,Performance de escuelas reducida,schemas/social_features/indexes/03-schools_indexes.sql,Migrar si social_features en scope
progress_tracking,function,02-get_user_progress_summary,ALTA,Resumen de progreso ausente,schemas/progress_tracking/functions/02-get_user_progress_summary.sql,Migrar en sprint actual
progress_tracking,function,03-update_exercise_submissions_updated_at,MEDIA,Timestamps no actualizables,schemas/progress_tracking/functions/03-update_exercise_submissions_updated_at.sql,Migrar en sprint actual
progress_tracking,function,04-check_mechanic_completion,ALTA,Verificación de completitud ausente,schemas/progress_tracking/functions/04-check_mechanic_completion.sql,Migrar en sprint actual
progress_tracking,function,06-grant_mission_completion_rewards,CRITICA,Recompensas no otorgables,schemas/progress_tracking/functions/06-grant_mission_completion_rewards.sql,Migrar inmediatamente
progress_tracking,view,01-user_progress_summary,ALTA,Vista de progreso ausente,schemas/progress_tracking/views/01-user_progress_summary.sql,Migrar en sprint actual
progress_tracking,rls-policy,02-policies,ALTA,Sin políticas de seguridad,schemas/progress_tracking/rls-policies/02-policies.sql,Migrar en sprint actual
progress_tracking,rls-policy,03-grants,ALTA,Sin permisos configurados,schemas/progress_tracking/rls-policies/03-grants.sql,Migrar en sprint actual
progress_tracking,index,01-scheduled_missions_indexes,MEDIA,Performance de misiones reducida,schemas/progress_tracking/indexes/01-scheduled_missions_indexes.sql,Optimizar después
educational_content,function,01-calculate_learning_path,ALTA,Rutas de aprendizaje no calculables,schemas/educational_content/functions/01-calculate_learning_path.sql,Migrar en sprint actual
educational_content,function,02-get_recommended_missions,ALTA,Recomendaciones ausentes,schemas/educational_content/functions/02-get_recommended_missions.sql,Migrar en sprint actual
educational_content,rls-policy,02-policies,ALTA,Sin políticas de seguridad,schemas/educational_content/rls-policies/02-policies.sql,Migrar en sprint actual
educational_content,rls-policy,03-grants,ALTA,Sin permisos configurados,schemas/educational_content/rls-policies/03-grants.sql,Migrar en sprint actual
audit_logging,function,01-log_audit_event,CRITICA,Logging de auditoría no funcional,schemas/audit_logging/functions/01-log_audit_event.sql,Migrar inmediatamente
audit_logging,rls-policy,01-enable-rls,ALTA,RLS no habilitado,schemas/audit_logging/rls-policies/01-enable-rls.sql,Migrar en sprint actual
audit_logging,rls-policy,02-policies,ALTA,Sin políticas de seguridad,schemas/audit_logging/rls-policies/02-policies.sql,Migrar en sprint actual
audit_logging,rls-policy,03-grants,ALTA,Sin permisos configurados,schemas/audit_logging/rls-policies/03-grants.sql,Migrar en sprint actual
audit_logging,index,01-audit_logs_indexes,ALTA,Performance de auditoría reducida,schemas/audit_logging/indexes/01-audit_logs_indexes.sql,Migrar en sprint actual
gamilit,function,06-is_super_admin,MEDIA,Verificación de super admin ausente,schemas/gamilit/functions/06-is_super_admin.sql,Migrar en sprint actual
gamilit,function,06-now_mexico,MEDIA,Timezone México ausente,schemas/gamilit/functions/06-now_mexico.sql,Migrar en sprint actual
gamilit,function,07-update_classroom_member_count,MEDIA,Contador de miembros ausente,schemas/gamilit/functions/07-update_classroom_member_count.sql,Migrar en sprint actual
gamilit,function,08-update_updated_at,ALTA,Trigger de actualización ausente,schemas/gamilit/functions/08-update_updated_at.sql,Migrar en sprint actual
gamilit,function,10-update_user_stats_on_exercise_complete,CRITICA,Stats no actualizables,schemas/gamilit/functions/10-update_user_stats_on_exercise_complete.sql,Migrar inmediatamente
gamilit,function,11-validate_email_format,MEDIA,Validación de email ausente,schemas/gamilit/functions/11-validate_email_format.sql,Migrar en sprint actual
content_management,rls-policy,01-enable-rls,MEDIA,RLS no habilitado,schemas/content_management/rls-policies/01-enable-rls.sql,Migrar en sprint siguiente
content_management,rls-policy,02-policies,MEDIA,Sin políticas de seguridad,schemas/content_management/rls-policies/02-policies.sql,Migrar en sprint siguiente
content_management,rls-policy,03-grants,MEDIA,Sin permisos configurados,schemas/content_management/rls-policies/03-grants.sql,Migrar en sprint siguiente
system_configuration,rls-policy,01-enable-rls,MEDIA,RLS no habilitado,schemas/system_configuration/rls-policies/01-enable-rls.sql,Migrar en sprint siguiente
system_configuration,rls-policy,02-policies,MEDIA,Sin políticas de seguridad,schemas/system_configuration/rls-policies/02-policies.sql,Migrar en sprint siguiente
system_configuration,rls-policy,03-grants,MEDIA,Sin permisos configurados,schemas/system_configuration/rls-policies/03-grants.sql,Migrar en sprint siguiente
auth,function,01-auth-helpers,MEDIA,Helpers de auth ausentes,schemas/auth/functions/01-auth-helpers.sql,Migrar en sprint siguiente
