Documento,Tipo Referencia,Ruta,Existe,Fase
90-transversal/SOCIAL-FEATURES-COMPLETO.md,archivo,apps/database/ddl/schemas/social_features/tables/02-schools.sql,SI,90-transversal
90-transversal/SOCIAL-FEATURES-COMPLETO.md,archivo,apps/database/ddl/schemas/social_features/tables/03-classrooms.sql,SI,90-transversal
90-transversal/SOCIAL-FEATURES-COMPLETO.md,archivo,apps/database/ddl/schemas/social_features/tables/04-classroom_members.sql,SI,90-transversal
90-transversal/SOCIAL-FEATURES-COMPLETO.md,archivo,apps/database/ddl/schemas/social_features/tables/01-friendships.sql,SI,90-transversal
90-transversal/SOCIAL-FEATURES-COMPLETO.md,archivo,apps/database/ddl/schemas/social_features/tables/05-teams.sql,SI,90-transversal
90-transversal/SOCIAL-FEATURES-COMPLETO.md,archivo,apps/database/ddl/schemas/social_features/tables/06-team_members.sql,SI,90-transversal
90-transversal/SOCIAL-FEATURES-COMPLETO.md,archivo,apps/database/ddl/schemas/social_features/tables/07-team_challenges.sql,SI,90-transversal
90-transversal/SOCIAL-FEATURES-COMPLETO.md,archivo,apps/database/ddl/schemas/social_features/functions/cleanup_old_notifications.sql,SI,90-transversal
90-transversal/SOCIAL-FEATURES-COMPLETO.md,archivo,apps/database/ddl/schemas/social_features/tables/02-schools.sql,SI,90-transversal
90-transversal/SOCIAL-FEATURES-COMPLETO.md,archivo,apps/database/ddl/schemas/social_features/tables/03-classrooms.sql,SI,90-transversal
90-transversal/SOCIAL-FEATURES-COMPLETO.md,archivo,apps/database/ddl/schemas/social_features/tables/04-classroom_members.sql,SI,90-transversal
90-transversal/SOCIAL-FEATURES-COMPLETO.md,archivo,apps/database/ddl/schemas/social_features/tables/01-friendships.sql,SI,90-transversal
90-transversal/SOCIAL-FEATURES-COMPLETO.md,archivo,apps/database/ddl/schemas/social_features/tables/05-teams.sql,SI,90-transversal
90-transversal/SOCIAL-FEATURES-COMPLETO.md,archivo,apps/database/ddl/schemas/social_features/tables/06-team_members.sql,SI,90-transversal
90-transversal/SOCIAL-FEATURES-COMPLETO.md,archivo,apps/database/ddl/schemas/social_features/tables/07-team_challenges.sql,SI,90-transversal
90-transversal/SOCIAL-FEATURES-COMPLETO.md,archivo,apps/database/ddl/schemas/social_features/functions/cleanup_old_notifications.sql,SI,90-transversal
90-transversal/FUNCIONES-UTILITARIAS-GAMILIT.md,archivo,apps/database/ddl/schemas/gamilit/functions/01-audit_profile_changes.sql,SI,90-transversal
90-transversal/FUNCIONES-UTILITARIAS-GAMILIT.md,archivo,apps/database/ddl/schemas/gamilit/functions/02-get_current_user_id.sql,SI,90-transversal
90-transversal/FUNCIONES-UTILITARIAS-GAMILIT.md,archivo,apps/database/ddl/schemas/gamilit/functions/03-get_current_user_role.sql,SI,90-transversal
90-transversal/FUNCIONES-UTILITARIAS-GAMILIT.md,archivo,apps/database/ddl/schemas/gamilit/functions/05-is_admin.sql,SI,90-transversal
90-transversal/FUNCIONES-UTILITARIAS-GAMILIT.md,archivo,apps/database/ddl/schemas/gamilit/functions/04-initialize_user_stats.sql,SI,90-transversal
90-transversal/FUNCIONES-UTILITARIAS-GAMILIT.md,archivo,apps/database/ddl/schemas/gamilit/functions/09-set_profile_defaults.sql,SI,90-transversal
90-transversal/FUNCIONES-UTILITARIAS-GAMILIT.md,archivo,apps/database/ddl/schemas/gamilit/functions/08-now_mexico.sql,SI,90-transversal
90-transversal/FUNCIONES-UTILITARIAS-GAMILIT.md,archivo,apps/database/ddl/schemas/gamilit/functions/09-update_updated_at_column.sql,SI,90-transversal
90-transversal/FUNCIONES-UTILITARIAS-GAMILIT.md,archivo,apps/database/ddl/schemas/gamilit/functions/12-validate_email_format.sql,SI,90-transversal
90-transversal/FUNCIONES-UTILITARIAS-GAMILIT.md,archivo,apps/database/ddl/schemas/gamilit/functions/13-validate_username.sql,SI,90-transversal
90-transversal/FUNCIONES-UTILITARIAS-GAMILIT.md,archivo,apps/database/ddl/schemas/gamilit/functions/10-update_classroom_member_count.sql,SI,90-transversal
90-transversal/FUNCIONES-UTILITARIAS-GAMILIT.md,archivo,apps/database/ddl/schemas/gamilit/functions/11-update_user_last_login.sql,SI,90-transversal
90-transversal/FUNCIONES-UTILITARIAS-GAMILIT.md,archivo,apps/database/ddl/schemas/gamilit/functions/14-update_user_stats_on_exercise_complete.sql,SI,90-transversal
90-transversal/FUNCIONES-UTILITARIAS-GAMILIT.md,archivo,apps/database/ddl/schemas/gamilit/functions/01-audit_profile_changes.sql,SI,90-transversal
90-transversal/FUNCIONES-UTILITARIAS-GAMILIT.md,archivo,apps/database/ddl/schemas/gamilit/functions/02-get_current_user_id.sql,SI,90-transversal
90-transversal/FUNCIONES-UTILITARIAS-GAMILIT.md,archivo,apps/database/ddl/schemas/gamilit/functions/03-get_current_user_role.sql,SI,90-transversal
90-transversal/FUNCIONES-UTILITARIAS-GAMILIT.md,archivo,apps/database/ddl/schemas/gamilit/functions/05-is_admin.sql,SI,90-transversal
90-transversal/FUNCIONES-UTILITARIAS-GAMILIT.md,archivo,apps/database/ddl/schemas/gamilit/functions/04-initialize_user_stats.sql,SI,90-transversal
90-transversal/FUNCIONES-UTILITARIAS-GAMILIT.md,archivo,apps/database/ddl/schemas/gamilit/functions/09-set_profile_defaults.sql,SI,90-transversal
90-transversal/FUNCIONES-UTILITARIAS-GAMILIT.md,archivo,apps/database/ddl/schemas/gamilit/functions/08-now_mexico.sql,SI,90-transversal
90-transversal/FUNCIONES-UTILITARIAS-GAMILIT.md,archivo,apps/database/ddl/schemas/gamilit/functions/09-update_updated_at_column.sql,SI,90-transversal
90-transversal/FUNCIONES-UTILITARIAS-GAMILIT.md,archivo,apps/database/ddl/schemas/gamilit/functions/12-validate_email_format.sql,SI,90-transversal
90-transversal/FUNCIONES-UTILITARIAS-GAMILIT.md,archivo,apps/database/ddl/schemas/gamilit/functions/13-validate_username.sql,SI,90-transversal
90-transversal/FUNCIONES-UTILITARIAS-GAMILIT.md,archivo,apps/database/ddl/schemas/gamilit/functions/10-update_classroom_member_count.sql,SI,90-transversal
90-transversal/FUNCIONES-UTILITARIAS-GAMILIT.md,archivo,apps/database/ddl/schemas/gamilit/functions/11-update_user_last_login.sql,SI,90-transversal
90-transversal/FUNCIONES-UTILITARIAS-GAMILIT.md,archivo,apps/database/ddl/schemas/gamilit/functions/14-update_user_stats_on_exercise_complete.sql,SI,90-transversal
90-transversal/FUNCIONES-UTILITARIAS-PUBLIC.md,archivo,apps/database/ddl/schemas/public/functions/01-cleanup_old_system_logs.sql,SI,90-transversal
90-transversal/FUNCIONES-UTILITARIAS-PUBLIC.md,archivo,apps/database/ddl/schemas/public/functions/02-cleanup_old_user_activity.sql,SI,90-transversal
90-transversal/FUNCIONES-UTILITARIAS-PUBLIC.md,archivo,apps/database/ddl/schemas/public/functions/03-is_feature_enabled.sql,SI,90-transversal
90-transversal/FUNCIONES-UTILITARIAS-PUBLIC.md,archivo,apps/database/ddl/schemas/public/functions/06-update_feature_flag.sql,SI,90-transversal
90-transversal/FUNCIONES-UTILITARIAS-PUBLIC.md,archivo,apps/database/ddl/schemas/public/functions/04-log_system_event.sql,SI,90-transversal
90-transversal/FUNCIONES-UTILITARIAS-PUBLIC.md,archivo,apps/database/ddl/schemas/public/functions/05-send_notification.sql,SI,90-transversal
90-transversal/FUNCIONES-UTILITARIAS-PUBLIC.md,archivo,apps/database/ddl/schemas/public/functions/07-validate_date_range.sql,SI,90-transversal
90-transversal/FUNCIONES-UTILITARIAS-PUBLIC.md,archivo,apps/backend/src/modules/feature-flags/feature-flags.service.ts,NO,90-transversal
90-transversal/FUNCIONES-UTILITARIAS-PUBLIC.md,archivo,apps/backend/src/modules/admin/feature-flags.controller.ts,NO,90-transversal
90-transversal/FUNCIONES-UTILITARIAS-PUBLIC.md,archivo,apps/backend/src/common/logging/system-logger.service.ts,NO,90-transversal
90-transversal/FUNCIONES-UTILITARIAS-PUBLIC.md,archivo,apps/backend/src/modules/notifications/notifications.service.ts,NO,90-transversal
90-transversal/FUNCIONES-UTILITARIAS-PUBLIC.md,archivo,apps/backend/src/common/validators/date-range.validator.ts,NO,90-transversal
90-transversal/FUNCIONES-UTILITARIAS-PUBLIC.md,archivo,apps/database/ddl/schemas/public/functions/01-cleanup_old_system_logs.sql,SI,90-transversal
90-transversal/FUNCIONES-UTILITARIAS-PUBLIC.md,archivo,apps/database/ddl/schemas/public/functions/02-cleanup_old_user_activity.sql,SI,90-transversal
90-transversal/FUNCIONES-UTILITARIAS-PUBLIC.md,archivo,apps/database/ddl/schemas/public/functions/03-is_feature_enabled.sql,SI,90-transversal
90-transversal/FUNCIONES-UTILITARIAS-PUBLIC.md,archivo,apps/database/ddl/schemas/public/functions/04-log_system_event.sql,SI,90-transversal
90-transversal/FUNCIONES-UTILITARIAS-PUBLIC.md,archivo,apps/database/ddl/schemas/public/functions/05-send_notification.sql,SI,90-transversal
90-transversal/FUNCIONES-UTILITARIAS-PUBLIC.md,archivo,apps/database/ddl/schemas/public/functions/06-update_feature_flag.sql,SI,90-transversal
90-transversal/FUNCIONES-UTILITARIAS-PUBLIC.md,archivo,apps/database/ddl/schemas/public/functions/07-validate_date_range.sql,SI,90-transversal
90-transversal/FUNCIONES-UTILITARIAS-PUBLIC.md,archivo,apps/database/ddl/schemas/public/functions/01-cleanup_old_system_logs.sql,SI,90-transversal
90-transversal/FUNCIONES-UTILITARIAS-PUBLIC.md,archivo,apps/database/ddl/schemas/public/functions/02-cleanup_old_user_activity.sql,SI,90-transversal
90-transversal/FUNCIONES-UTILITARIAS-PUBLIC.md,archivo,apps/database/ddl/schemas/public/functions/03-is_feature_enabled.sql,SI,90-transversal
90-transversal/FUNCIONES-UTILITARIAS-PUBLIC.md,archivo,apps/database/ddl/schemas/public/functions/06-update_feature_flag.sql,SI,90-transversal
90-transversal/FUNCIONES-UTILITARIAS-PUBLIC.md,archivo,apps/database/ddl/schemas/public/functions/04-log_system_event.sql,SI,90-transversal
90-transversal/FUNCIONES-UTILITARIAS-PUBLIC.md,archivo,apps/database/ddl/schemas/public/functions/05-send_notification.sql,SI,90-transversal
90-transversal/FUNCIONES-UTILITARIAS-PUBLIC.md,archivo,apps/database/ddl/schemas/public/functions/07-validate_date_range.sql,SI,90-transversal
90-transversal/FUNCIONES-UTILITARIAS-PUBLIC.md,archivo,apps/database/ddl/schemas/public/functions/01-cleanup_old_system_logs.sql,SI,90-transversal
90-transversal/FUNCIONES-UTILITARIAS-PUBLIC.md,archivo,apps/database/ddl/schemas/public/functions/02-cleanup_old_user_activity.sql,SI,90-transversal
90-transversal/FUNCIONES-UTILITARIAS-PUBLIC.md,archivo,apps/database/ddl/schemas/public/functions/03-is_feature_enabled.sql,SI,90-transversal
90-transversal/FUNCIONES-UTILITARIAS-PUBLIC.md,archivo,apps/database/ddl/schemas/public/functions/04-log_system_event.sql,SI,90-transversal
90-transversal/FUNCIONES-UTILITARIAS-PUBLIC.md,archivo,apps/database/ddl/schemas/public/functions/05-send_notification.sql,SI,90-transversal
90-transversal/FUNCIONES-UTILITARIAS-PUBLIC.md,archivo,apps/database/ddl/schemas/public/functions/06-update_feature_flag.sql,SI,90-transversal
90-transversal/FUNCIONES-UTILITARIAS-PUBLIC.md,archivo,apps/database/ddl/schemas/public/functions/07-validate_date_range.sql,SI,90-transversal
90-transversal/STORAGE-SYSTEM.md,archivo,apps/database/ddl/schemas/storage/enums/buckettype.sql,SI,90-transversal
90-transversal/STORAGE-SYSTEM.md,archivo,apps/backend/src/modules/storage/storage.service.ts,NO,90-transversal
90-transversal/STORAGE-SYSTEM.md,archivo,apps/database/ddl/schemas/storage/enums/buckettype.sql,SI,90-transversal
90-transversal/STORAGE-SYSTEM.md,archivo,apps/database/ddl/schemas/storage/enums/buckettype.sql,SI,90-transversal
90-transversal/STORAGE-SYSTEM.md,archivo,apps/database/ddl/schemas/storage/enums/buckettype.sql,SI,90-transversal
01-fase-alcance-inicial/EAI-006-configuracion-sistema/requerimientos/RF-SYS-002-feature-flags.md,archivo,apps/database/ddl/schemas/system_configuration/tables/02-feature_flags.sql,SI,01-fase-alcance-inicial
01-fase-alcance-inicial/EAI-006-configuracion-sistema/requerimientos/RF-SYS-001-settings.md,archivo,apps/database/ddl/schemas/system_configuration/tables/01-system_settings.sql,SI,01-fase-alcance-inicial
01-fase-alcance-inicial/EAI-001-fundamentos/especificaciones/ET-AUTH-001-rbac.md,archivo,apps/database/ddl/00-prerequisites.sql,SI,01-fase-alcance-inicial
01-fase-alcance-inicial/EAI-001-fundamentos/especificaciones/ET-AUTH-001-rbac.md,archivo,apps/database/ddl/00-prerequisites.sql,SI,01-fase-alcance-inicial
01-fase-alcance-inicial/EAI-001-fundamentos/especificaciones/ET-AUTH-001-rbac.md,archivo,apps/database/ddl/schemas/auth_management/tables/03-profiles.sql,SI,01-fase-alcance-inicial
01-fase-alcance-inicial/EAI-001-fundamentos/especificaciones/ET-AUTH-001-rbac.md,archivo,apps/backend/src/shared/enums/gamilit-role.enum.ts,NO,01-fase-alcance-inicial
01-fase-alcance-inicial/EAI-001-fundamentos/especificaciones/ET-AUTH-001-rbac.md,archivo,apps/database/ddl/00-prerequisites.sql,SI,01-fase-alcance-inicial
01-fase-alcance-inicial/EAI-001-fundamentos/especificaciones/ET-AUTH-001-rbac.md,archivo,apps/backend/src/shared/guards/roles.guard.ts,SI,01-fase-alcance-inicial
01-fase-alcance-inicial/EAI-001-fundamentos/especificaciones/ET-AUTH-001-rbac.md,archivo,apps/backend/src/shared/decorators/roles.decorator.ts,SI,01-fase-alcance-inicial
01-fase-alcance-inicial/EAI-001-fundamentos/especificaciones/ET-AUTH-001-rbac.md,archivo,apps/backend/src/modules/admin/admin.controller.ts,NO,01-fase-alcance-inicial
01-fase-alcance-inicial/EAI-001-fundamentos/especificaciones/ET-AUTH-001-rbac.md,archivo,apps/frontend/src/types/auth.types.ts,NO,01-fase-alcance-inicial
01-fase-alcance-inicial/EAI-001-fundamentos/especificaciones/ET-AUTH-001-rbac.md,archivo,apps/frontend/src/components/auth/RoleBasedRoute.ts,NO,01-fase-alcance-inicial
01-fase-alcance-inicial/EAI-001-fundamentos/especificaciones/ET-AUTH-001-rbac.md,archivo,apps/frontend/src/App.ts,NO,01-fase-alcance-inicial
01-fase-alcance-inicial/EAI-001-fundamentos/especificaciones/ET-AUTH-001-rbac.md,archivo,apps/database/ddl/schemas/progress_tracking/tables/01-module_progress.sql,SI,01-fase-alcance-inicial
01-fase-alcance-inicial/EAI-001-fundamentos/especificaciones/ET-AUTH-001-rbac.md,archivo,apps/backend/src/shared/guards/roles.guard.spec.ts,NO,01-fase-alcance-inicial
01-fase-alcance-inicial/EAI-001-fundamentos/especificaciones/ET-AUTH-001-rbac.md,archivo,apps/backend/test/auth/roles.e2e-spec.ts,NO,01-fase-alcance-inicial
01-fase-alcance-inicial/EAI-001-fundamentos/especificaciones/ET-AUTH-001-rbac.md,archivo,apps/database/ddl/schemas/auth_management/tables/03-profiles.sql,SI,01-fase-alcance-inicial
01-fase-alcance-inicial/EAI-001-fundamentos/especificaciones/ET-AUTH-001-rbac.md,archivo,apps/backend/src/shared/enums/gamilit-role.enum.ts,NO,01-fase-alcance-inicial
01-fase-alcance-inicial/EAI-001-fundamentos/especificaciones/ET-AUTH-001-rbac.md,archivo,apps/backend/src/shared/guards/roles.guard.ts,SI,01-fase-alcance-inicial
01-fase-alcance-inicial/EAI-001-fundamentos/especificaciones/ET-AUTH-003-oauth.md,archivo,apps/database/ddl/00-prerequisites.sql,SI,01-fase-alcance-inicial
01-fase-alcance-inicial/EAI-001-fundamentos/especificaciones/ET-AUTH-003-oauth.md,archivo,apps/database/ddl/schemas/auth_management/tables/05-auth_providers.sql,SI,01-fase-alcance-inicial
01-fase-alcance-inicial/EAI-001-fundamentos/especificaciones/ET-AUTH-003-oauth.md,archivo,apps/database/ddl/schemas/auth_management/tables/06-linked_providers.sql,NO,01-fase-alcance-inicial
01-fase-alcance-inicial/EAI-001-fundamentos/especificaciones/ET-AUTH-003-oauth.md,archivo,apps/backend/src/config/oauth.config.ts,NO,01-fase-alcance-inicial
01-fase-alcance-inicial/EAI-001-fundamentos/especificaciones/ET-AUTH-003-oauth.md,archivo,apps/backend/src/modules/auth/strategies/google.strategy.ts,NO,01-fase-alcance-inicial
01-fase-alcance-inicial/EAI-001-fundamentos/especificaciones/ET-AUTH-003-oauth.md,archivo,apps/backend/src/modules/auth/controllers/oauth.controller.ts,NO,01-fase-alcance-inicial
01-fase-alcance-inicial/EAI-001-fundamentos/especificaciones/ET-AUTH-003-oauth.md,archivo,apps/backend/src/config/oauth.config.ts,NO,01-fase-alcance-inicial
01-fase-alcance-inicial/EAI-001-fundamentos/especificaciones/ET-AUTH-003-oauth.md,archivo,apps/backend/src/modules/auth/strategies/apple.strategy.ts,NO,01-fase-alcance-inicial
01-fase-alcance-inicial/EAI-001-fundamentos/especificaciones/ET-AUTH-003-oauth.md,archivo,apps/backend/src/modules/auth/strategies/microsoft.strategy.ts,NO,01-fase-alcance-inicial
01-fase-alcance-inicial/EAI-001-fundamentos/especificaciones/ET-AUTH-003-oauth.md,archivo,apps/backend/src/modules/auth/services/oauth-state.service.ts,NO,01-fase-alcance-inicial
01-fase-alcance-inicial/EAI-001-fundamentos/especificaciones/ET-AUTH-003-oauth.md,archivo,apps/backend/src/modules/auth/services/oauth-validation.service.ts,NO,01-fase-alcance-inicial
01-fase-alcance-inicial/EAI-001-fundamentos/especificaciones/ET-AUTH-003-oauth.md,archivo,apps/backend/src/modules/auth/services/oauth-metrics.service.ts,NO,01-fase-alcance-inicial
01-fase-alcance-inicial/EAI-001-fundamentos/especificaciones/ET-AUTH-002-estados-cuenta.md,archivo,apps/database/ddl/00-prerequisites.sql,SI,01-fase-alcance-inicial
01-fase-alcance-inicial/EAI-001-fundamentos/especificaciones/ET-AUTH-002-estados-cuenta.md,archivo,apps/database/ddl/schemas/auth_management/tables/03-profiles.sql,SI,01-fase-alcance-inicial
01-fase-alcance-inicial/EAI-001-fundamentos/especificaciones/ET-AUTH-002-estados-cuenta.md,archivo,apps/database/ddl/schemas/auth_management/functions/01-verify_user_status.sql,NO,01-fase-alcance-inicial
01-fase-alcance-inicial/EAI-001-fundamentos/especificaciones/ET-AUTH-002-estados-cuenta.md,archivo,apps/database/ddl/schemas/auth_management/functions/02-suspend_user.sql,NO,01-fase-alcance-inicial
01-fase-alcance-inicial/EAI-001-fundamentos/especificaciones/ET-AUTH-002-estados-cuenta.md,archivo,apps/database/ddl/schemas/auth_management/functions/03-ban_user.sql,NO,01-fase-alcance-inicial
01-fase-alcance-inicial/EAI-001-fundamentos/especificaciones/ET-AUTH-002-estados-cuenta.md,archivo,apps/database/ddl/schemas/auth_management/functions/04-reactivate_user.sql,NO,01-fase-alcance-inicial
01-fase-alcance-inicial/EAI-001-fundamentos/especificaciones/ET-AUTH-002-estados-cuenta.md,archivo,apps/database/ddl/schemas/auth_management/tables/03-profiles.sql,SI,01-fase-alcance-inicial
01-fase-alcance-inicial/EAI-001-fundamentos/especificaciones/ET-AUTH-002-estados-cuenta.md,archivo,apps/backend/src/modules/auth/middleware/user-status.middleware.ts,NO,01-fase-alcance-inicial
01-fase-alcance-inicial/EAI-001-fundamentos/especificaciones/ET-AUTH-002-estados-cuenta.md,archivo,apps/backend/src/modules/auth/dto/update-user-status.dto.ts,NO,01-fase-alcance-inicial
01-fase-alcance-inicial/EAI-001-fundamentos/especificaciones/ET-AUTH-002-estados-cuenta.md,archivo,apps/backend/src/modules/auth/services/user-management.service.ts,NO,01-fase-alcance-inicial
01-fase-alcance-inicial/EAI-001-fundamentos/especificaciones/ET-AUTH-002-estados-cuenta.md,archivo,apps/frontend/src/components/ui/UserStatusBadge.ts,NO,01-fase-alcance-inicial
01-fase-alcance-inicial/EAI-001-fundamentos/requerimientos/RF-AUTH-003-oauth.md,archivo,apps/database/ddl/00-prerequisites.sql,SI,01-fase-alcance-inicial
01-fase-alcance-inicial/EAI-001-fundamentos/requerimientos/RF-AUTH-003-oauth.md,archivo,apps/database/ddl/schemas/auth_management/tables/05-auth_providers.sql,SI,01-fase-alcance-inicial
01-fase-alcance-inicial/EAI-001-fundamentos/requerimientos/RF-AUTH-003-oauth.md,archivo,apps/database/ddl/schemas/auth_management/tables/03-profiles.sql,SI,01-fase-alcance-inicial
01-fase-alcance-inicial/EAI-001-fundamentos/requerimientos/RF-AUTH-003-oauth.md,archivo,apps/backend/src/modules/auth/enums/auth-provider.enum.ts,NO,01-fase-alcance-inicial
01-fase-alcance-inicial/EAI-001-fundamentos/requerimientos/RF-AUTH-003-oauth.md,archivo,apps/backend/src/modules/auth/strategies/google.strategy.ts,NO,01-fase-alcance-inicial
01-fase-alcance-inicial/EAI-001-fundamentos/requerimientos/RF-AUTH-003-oauth.md,archivo,apps/backend/src/modules/auth/strategies/facebook.strategy.ts,NO,01-fase-alcance-inicial
01-fase-alcance-inicial/EAI-001-fundamentos/requerimientos/RF-AUTH-003-oauth.md,archivo,apps/backend/src/modules/auth/strategies/apple.strategy.ts,NO,01-fase-alcance-inicial
01-fase-alcance-inicial/EAI-001-fundamentos/requerimientos/RF-AUTH-003-oauth.md,archivo,apps/backend/src/modules/auth/strategies/microsoft.strategy.ts,NO,01-fase-alcance-inicial
01-fase-alcance-inicial/EAI-001-fundamentos/requerimientos/RF-AUTH-003-oauth.md,archivo,apps/backend/src/modules/auth/strategies/github.strategy.ts,NO,01-fase-alcance-inicial
01-fase-alcance-inicial/EAI-001-fundamentos/requerimientos/RF-AUTH-003-oauth.md,archivo,apps/backend/src/config/oauth.config.ts,NO,01-fase-alcance-inicial
01-fase-alcance-inicial/EAI-001-fundamentos/requerimientos/RF-AUTH-003-oauth.md,archivo,apps/backend/src/modules/auth/controllers/oauth.controller.ts,NO,01-fase-alcance-inicial
01-fase-alcance-inicial/EAI-001-fundamentos/requerimientos/RF-AUTH-003-oauth.md,archivo,apps/backend/src/modules/auth/guards/oauth.guard.ts,NO,01-fase-alcance-inicial
01-fase-alcance-inicial/EAI-001-fundamentos/requerimientos/RF-AUTH-003-oauth.md,archivo,apps/frontend/src/types/auth.types.ts,NO,01-fase-alcance-inicial
01-fase-alcance-inicial/EAI-001-fundamentos/requerimientos/RF-AUTH-003-oauth.md,archivo,apps/frontend/src/components/auth/LoginProviderButtons.ts,NO,01-fase-alcance-inicial
01-fase-alcance-inicial/EAI-001-fundamentos/requerimientos/RF-AUTH-003-oauth.md,archivo,apps/frontend/src/components/auth/ProviderIcon.ts,NO,01-fase-alcance-inicial
01-fase-alcance-inicial/EAI-001-fundamentos/requerimientos/RF-AUTH-003-oauth.md,archivo,apps/frontend/src/components/auth/OAuthCallback.ts,NO,01-fase-alcance-inicial
01-fase-alcance-inicial/EAI-001-fundamentos/requerimientos/RF-AUTH-003-oauth.md,archivo,apps/frontend/src/components/auth/LoginForm.ts,NO,01-fase-alcance-inicial
01-fase-alcance-inicial/EAI-001-fundamentos/requerimientos/RF-AUTH-003-oauth.md,archivo,apps/database/ddl/schemas/auth_management/tables/05-auth_providers.sql,SI,01-fase-alcance-inicial
01-fase-alcance-inicial/EAI-001-fundamentos/requerimientos/RF-AUTH-003-oauth.md,archivo,apps/database/ddl/schemas/auth_management/tables/03-profiles.sql,SI,01-fase-alcance-inicial
01-fase-alcance-inicial/EAI-001-fundamentos/requerimientos/RF-AUTH-003-oauth.md,archivo,apps/backend/src/modules/auth/enums/auth-provider.enum.ts,NO,01-fase-alcance-inicial
01-fase-alcance-inicial/EAI-001-fundamentos/requerimientos/RF-AUTH-003-oauth.md,archivo,apps/backend/src/modules/auth/strategies/google.strategy.ts,NO,01-fase-alcance-inicial
01-fase-alcance-inicial/EAI-001-fundamentos/requerimientos/RF-AUTH-003-oauth.md,archivo,apps/backend/src/modules/auth/strategies/facebook.strategy.ts,NO,01-fase-alcance-inicial
01-fase-alcance-inicial/EAI-001-fundamentos/requerimientos/RF-AUTH-003-oauth.md,archivo,apps/backend/src/modules/auth/strategies/apple.strategy.ts,NO,01-fase-alcance-inicial
01-fase-alcance-inicial/EAI-001-fundamentos/requerimientos/RF-AUTH-003-oauth.md,archivo,apps/backend/src/modules/auth/strategies/microsoft.strategy.ts,NO,01-fase-alcance-inicial
01-fase-alcance-inicial/EAI-001-fundamentos/requerimientos/RF-AUTH-003-oauth.md,archivo,apps/backend/src/modules/auth/strategies/github.strategy.ts,NO,01-fase-alcance-inicial
01-fase-alcance-inicial/EAI-001-fundamentos/requerimientos/RF-AUTH-003-oauth.md,archivo,apps/backend/src/config/oauth.config.ts,NO,01-fase-alcance-inicial
01-fase-alcance-inicial/EAI-001-fundamentos/requerimientos/RF-AUTH-003-oauth.md,archivo,apps/backend/src/modules/auth/controllers/oauth.controller.ts,NO,01-fase-alcance-inicial
01-fase-alcance-inicial/EAI-001-fundamentos/requerimientos/RF-AUTH-003-oauth.md,archivo,apps/backend/src/modules/auth/guards/oauth.guard.ts,NO,01-fase-alcance-inicial
01-fase-alcance-inicial/EAI-001-fundamentos/requerimientos/RF-AUTH-003-oauth.md,archivo,apps/frontend/src/types/auth.types.ts,NO,01-fase-alcance-inicial
01-fase-alcance-inicial/EAI-001-fundamentos/requerimientos/RF-AUTH-003-oauth.md,archivo,apps/frontend/src/components/auth/LoginProviderButtons.tsx,NO,01-fase-alcance-inicial
01-fase-alcance-inicial/EAI-001-fundamentos/requerimientos/RF-AUTH-003-oauth.md,archivo,apps/frontend/src/components/auth/ProviderIcon.tsx,NO,01-fase-alcance-inicial
01-fase-alcance-inicial/EAI-001-fundamentos/requerimientos/RF-AUTH-003-oauth.md,archivo,apps/frontend/src/components/auth/OAuthCallback.tsx,NO,01-fase-alcance-inicial
01-fase-alcance-inicial/EAI-001-fundamentos/requerimientos/RF-AUTH-003-oauth.md,archivo,apps/frontend/src/components/auth/LoginForm.tsx,NO,01-fase-alcance-inicial
01-fase-alcance-inicial/EAI-001-fundamentos/requerimientos/RF-AUTH-002-estados-cuenta.md,archivo,apps/database/ddl/00-prerequisites.sql,SI,01-fase-alcance-inicial
01-fase-alcance-inicial/EAI-001-fundamentos/requerimientos/RF-AUTH-002-estados-cuenta.md,archivo,apps/database/ddl/schemas/auth_management/tables/03-profiles.sql,SI,01-fase-alcance-inicial
01-fase-alcance-inicial/EAI-001-fundamentos/requerimientos/RF-AUTH-002-estados-cuenta.md,archivo,apps/backend/src/modules/auth/enums/user-status.enum.ts,NO,01-fase-alcance-inicial
01-fase-alcance-inicial/EAI-001-fundamentos/requerimientos/RF-AUTH-002-estados-cuenta.md,archivo,apps/backend/src/modules/auth/middleware/user-status.middleware.ts,NO,01-fase-alcance-inicial
01-fase-alcance-inicial/EAI-001-fundamentos/requerimientos/RF-AUTH-002-estados-cuenta.md,archivo,apps/backend/src/modules/auth/services/user-management.service.ts,NO,01-fase-alcance-inicial
01-fase-alcance-inicial/EAI-001-fundamentos/requerimientos/RF-AUTH-002-estados-cuenta.md,archivo,apps/backend/src/modules/auth/dto/update-user-status.dto.ts,NO,01-fase-alcance-inicial
01-fase-alcance-inicial/EAI-001-fundamentos/requerimientos/RF-AUTH-002-estados-cuenta.md,archivo,apps/frontend/src/types/auth.types.ts,NO,01-fase-alcance-inicial
01-fase-alcance-inicial/EAI-001-fundamentos/requerimientos/RF-AUTH-002-estados-cuenta.md,archivo,apps/frontend/src/components/ui/UserStatusBadge.ts,NO,01-fase-alcance-inicial
01-fase-alcance-inicial/EAI-001-fundamentos/requerimientos/RF-AUTH-002-estados-cuenta.md,archivo,apps/frontend/src/components/admin/UserManagementPanel.ts,NO,01-fase-alcance-inicial
01-fase-alcance-inicial/EAI-001-fundamentos/requerimientos/RF-AUTH-002-estados-cuenta.md,archivo,apps/frontend/src/components/admin/SuspendUserModal.ts,NO,01-fase-alcance-inicial
01-fase-alcance-inicial/EAI-001-fundamentos/requerimientos/RF-AUTH-002-estados-cuenta.md,archivo,apps/backend/src/modules/auth/enums/user-status.enum.ts,NO,01-fase-alcance-inicial
01-fase-alcance-inicial/EAI-001-fundamentos/requerimientos/RF-AUTH-002-estados-cuenta.md,archivo,apps/backend/src/modules/auth/middleware/user-status.middleware.ts,NO,01-fase-alcance-inicial
01-fase-alcance-inicial/EAI-001-fundamentos/requerimientos/RF-AUTH-002-estados-cuenta.md,archivo,apps/backend/src/modules/auth/services/user-management.service.ts,NO,01-fase-alcance-inicial
01-fase-alcance-inicial/EAI-001-fundamentos/requerimientos/RF-AUTH-002-estados-cuenta.md,archivo,apps/backend/src/modules/auth/dto/update-user-status.dto.ts,NO,01-fase-alcance-inicial
01-fase-alcance-inicial/EAI-001-fundamentos/requerimientos/RF-AUTH-002-estados-cuenta.md,archivo,apps/frontend/src/types/auth.types.ts,NO,01-fase-alcance-inicial
01-fase-alcance-inicial/EAI-001-fundamentos/requerimientos/RF-AUTH-002-estados-cuenta.md,archivo,apps/frontend/src/components/ui/UserStatusBadge.tsx,NO,01-fase-alcance-inicial
01-fase-alcance-inicial/EAI-001-fundamentos/requerimientos/RF-AUTH-002-estados-cuenta.md,archivo,apps/frontend/src/components/admin/UserManagementPanel.tsx,NO,01-fase-alcance-inicial
01-fase-alcance-inicial/EAI-001-fundamentos/requerimientos/RF-AUTH-002-estados-cuenta.md,archivo,apps/frontend/src/components/admin/SuspendUserModal.tsx,NO,01-fase-alcance-inicial
01-fase-alcance-inicial/EAI-001-fundamentos/requerimientos/RF-AUTH-001-roles.md,archivo,apps/database/ddl/00-prerequisites.sql,SI,01-fase-alcance-inicial
01-fase-alcance-inicial/EAI-001-fundamentos/requerimientos/RF-AUTH-001-roles.md,archivo,apps/database/ddl/schemas/auth_management/tables/03-profiles.sql,SI,01-fase-alcance-inicial
01-fase-alcance-inicial/EAI-001-fundamentos/requerimientos/RF-AUTH-001-roles.md,archivo,apps/database/ddl/schemas/auth/tables/01-users.sql,SI,01-fase-alcance-inicial
01-fase-alcance-inicial/EAI-001-fundamentos/requerimientos/RF-AUTH-001-roles.md,archivo,apps/database/ddl/schemas/system_configuration/tables/02-feature_flags.sql,SI,01-fase-alcance-inicial
01-fase-alcance-inicial/EAI-001-fundamentos/requerimientos/RF-AUTH-001-roles.md,archivo,apps/backend/src/shared/enums/gamilit-role.enum.ts,NO,01-fase-alcance-inicial
01-fase-alcance-inicial/EAI-001-fundamentos/requerimientos/RF-AUTH-001-roles.md,archivo,apps/backend/src/shared/guards/roles.guard.ts,SI,01-fase-alcance-inicial
01-fase-alcance-inicial/EAI-001-fundamentos/requerimientos/RF-AUTH-001-roles.md,archivo,apps/frontend/src/types/auth.types.ts,NO,01-fase-alcance-inicial
01-fase-alcance-inicial/EAI-001-fundamentos/requerimientos/RF-AUTH-001-roles.md,archivo,apps/frontend/src/components/auth/RoleBasedRoute.ts,NO,01-fase-alcance-inicial
01-fase-alcance-inicial/EAI-001-fundamentos/requerimientos/RF-AUTH-001-roles.md,archivo,apps/frontend/src/components/ui/UserRoleBadge.ts,NO,01-fase-alcance-inicial
01-fase-alcance-inicial/EAI-001-fundamentos/requerimientos/RF-AUTH-001-roles.md,archivo,apps/frontend/src/components/admin/AdminPanel.ts,NO,01-fase-alcance-inicial
01-fase-alcance-inicial/EAI-001-fundamentos/requerimientos/RF-AUTH-001-roles.md,archivo,apps/backend/src/shared/guards/roles.guard.ts,SI,01-fase-alcance-inicial
01-fase-alcance-inicial/EAI-001-fundamentos/requerimientos/RF-AUTH-001-roles.md,archivo,apps/frontend/src/routes/ProtectedRoute.ts,NO,01-fase-alcance-inicial
01-fase-alcance-inicial/EAI-001-fundamentos/requerimientos/RF-AUTH-001-roles.md,archivo,apps/backend/src/shared/enums/gamilit-role.enum.ts,NO,01-fase-alcance-inicial
01-fase-alcance-inicial/EAI-001-fundamentos/requerimientos/RF-AUTH-001-roles.md,archivo,apps/backend/src/shared/guards/roles.guard.ts,SI,01-fase-alcance-inicial
01-fase-alcance-inicial/EAI-001-fundamentos/requerimientos/RF-AUTH-001-roles.md,archivo,apps/frontend/src/types/auth.types.ts,NO,01-fase-alcance-inicial
01-fase-alcance-inicial/EAI-001-fundamentos/requerimientos/RF-AUTH-001-roles.md,archivo,apps/frontend/src/components/auth/RoleBasedRoute.tsx,NO,01-fase-alcance-inicial
01-fase-alcance-inicial/EAI-001-fundamentos/requerimientos/RF-AUTH-001-roles.md,archivo,apps/frontend/src/components/ui/UserRoleBadge.tsx,NO,01-fase-alcance-inicial
01-fase-alcance-inicial/EAI-001-fundamentos/requerimientos/RF-AUTH-001-roles.md,archivo,apps/frontend/src/components/admin/AdminPanel.tsx,NO,01-fase-alcance-inicial
01-fase-alcance-inicial/EAI-003-gamificacion/especificaciones/ET-GAM-001-achievements.md,archivo,apps/database/ddl/00-prerequisites.sql,SI,01-fase-alcance-inicial
01-fase-alcance-inicial/EAI-003-gamificacion/especificaciones/ET-GAM-001-achievements.md,archivo,apps/database/ddl/00-prerequisites.sql,SI,01-fase-alcance-inicial
01-fase-alcance-inicial/EAI-003-gamificacion/especificaciones/ET-GAM-001-achievements.md,archivo,apps/database/ddl/00-prerequisites.sql,SI,01-fase-alcance-inicial
01-fase-alcance-inicial/EAI-003-gamificacion/especificaciones/ET-GAM-001-achievements.md,archivo,apps/database/ddl/00-prerequisites.sql,SI,01-fase-alcance-inicial
01-fase-alcance-inicial/EAI-003-gamificacion/especificaciones/ET-GAM-001-achievements.md,archivo,apps/database/ddl/schemas/gamification_system/tables/achievements.sql,NO,01-fase-alcance-inicial
01-fase-alcance-inicial/EAI-003-gamificacion/especificaciones/ET-GAM-001-achievements.md,archivo,apps/database/ddl/schemas/gamification_system/tables/user_achievements.sql,NO,01-fase-alcance-inicial
01-fase-alcance-inicial/EAI-003-gamificacion/especificaciones/ET-GAM-001-achievements.md,archivo,apps/database/ddl/schemas/gamification_system/functions/check_and_unlock_achievement.sql,NO,01-fase-alcance-inicial
01-fase-alcance-inicial/EAI-003-gamificacion/especificaciones/ET-GAM-001-achievements.md,archivo,apps/database/ddl/schemas/gamification_system/functions/award_achievement_rewards.sql,NO,01-fase-alcance-inicial
01-fase-alcance-inicial/EAI-003-gamificacion/especificaciones/ET-GAM-001-achievements.md,archivo,apps/database/ddl/schemas/gamification_system/triggers/trg_achievement_unlocked.sql,NO,01-fase-alcance-inicial
01-fase-alcance-inicial/EAI-003-gamificacion/especificaciones/ET-GAM-001-achievements.md,archivo,apps/database/ddl/schemas/gamification_system/triggers/trg_check_rank_promotion.sql,NO,01-fase-alcance-inicial
01-fase-alcance-inicial/EAI-003-gamificacion/especificaciones/ET-GAM-001-achievements.md,archivo,apps/backend/src/gamification/enums/achievement-type.enum.ts,NO,01-fase-alcance-inicial
01-fase-alcance-inicial/EAI-003-gamificacion/especificaciones/ET-GAM-001-achievements.md,archivo,apps/backend/src/gamification/enums/achievement-category.enum.ts,NO,01-fase-alcance-inicial
01-fase-alcance-inicial/EAI-003-gamificacion/especificaciones/ET-GAM-001-achievements.md,archivo,apps/backend/src/gamification/entities/achievement.entity.ts,NO,01-fase-alcance-inicial
01-fase-alcance-inicial/EAI-003-gamificacion/especificaciones/ET-GAM-001-achievements.md,archivo,apps/backend/src/gamification/entities/user-achievement.entity.ts,NO,01-fase-alcance-inicial
01-fase-alcance-inicial/EAI-003-gamificacion/especificaciones/ET-GAM-001-achievements.md,archivo,apps/backend/src/gamification/dto/achievement.dto.ts,NO,01-fase-alcance-inicial
01-fase-alcance-inicial/EAI-003-gamificacion/especificaciones/ET-GAM-001-achievements.md,archivo,apps/backend/src/gamification/services/achievement.service.ts,NO,01-fase-alcance-inicial
01-fase-alcance-inicial/EAI-003-gamificacion/especificaciones/ET-GAM-001-achievements.md,archivo,apps/backend/src/gamification/listeners/achievement.listener.ts,NO,01-fase-alcance-inicial
01-fase-alcance-inicial/EAI-003-gamificacion/especificaciones/ET-GAM-001-achievements.md,archivo,apps/backend/src/gamification/controllers/achievement.controller.ts,NO,01-fase-alcance-inicial
01-fase-alcance-inicial/EAI-003-gamificacion/especificaciones/ET-GAM-001-achievements.md,archivo,apps/frontend/src/types/achievement.types.ts,NO,01-fase-alcance-inicial
01-fase-alcance-inicial/EAI-003-gamificacion/especificaciones/ET-GAM-001-achievements.md,archivo,apps/frontend/src/services/achievement.service.ts,NO,01-fase-alcance-inicial
01-fase-alcance-inicial/EAI-003-gamificacion/especificaciones/ET-GAM-001-achievements.md,archivo,apps/frontend/src/components/gamification/AchievementCard.ts,NO,01-fase-alcance-inicial
01-fase-alcance-inicial/EAI-003-gamificacion/especificaciones/ET-GAM-001-achievements.md,archivo,apps/frontend/src/components/gamification/AchievementGallery.ts,NO,01-fase-alcance-inicial
01-fase-alcance-inicial/EAI-003-gamificacion/especificaciones/ET-GAM-001-achievements.md,archivo,apps/frontend/src/components/gamification/AchievementUnlockedModal.ts,NO,01-fase-alcance-inicial
01-fase-alcance-inicial/EAI-003-gamificacion/especificaciones/ET-GAM-001-achievements.md,archivo,apps/database/ddl/schemas/gamification_system/tables/achievements.sql,NO,01-fase-alcance-inicial
01-fase-alcance-inicial/EAI-003-gamificacion/especificaciones/ET-GAM-001-achievements.md,archivo,apps/database/ddl/schemas/gamification_system/tables/user_achievements.sql,NO,01-fase-alcance-inicial
01-fase-alcance-inicial/EAI-003-gamificacion/especificaciones/ET-GAM-001-achievements.md,archivo,apps/database/ddl/schemas/gamification_system/functions/check_and_unlock_achievement.sql,NO,01-fase-alcance-inicial
01-fase-alcance-inicial/EAI-003-gamificacion/especificaciones/ET-GAM-001-achievements.md,archivo,apps/database/ddl/schemas/gamification_system/functions/award_achievement_rewards.sql,NO,01-fase-alcance-inicial
01-fase-alcance-inicial/EAI-003-gamificacion/especificaciones/ET-GAM-001-achievements.md,archivo,apps/database/ddl/schemas/gamification_system/triggers/trg_achievement_unlocked.sql,NO,01-fase-alcance-inicial
01-fase-alcance-inicial/EAI-003-gamificacion/especificaciones/ET-GAM-001-achievements.md,archivo,apps/database/ddl/schemas/gamification_system/triggers/trg_check_rank_promotion.sql,NO,01-fase-alcance-inicial
01-fase-alcance-inicial/EAI-003-gamificacion/especificaciones/ET-GAM-001-achievements.md,archivo,apps/backend/src/gamification/enums/achievement-type.enum.ts,NO,01-fase-alcance-inicial
01-fase-alcance-inicial/EAI-003-gamificacion/especificaciones/ET-GAM-001-achievements.md,archivo,apps/backend/src/gamification/enums/achievement-category.enum.ts,NO,01-fase-alcance-inicial
01-fase-alcance-inicial/EAI-003-gamificacion/especificaciones/ET-GAM-001-achievements.md,archivo,apps/backend/src/gamification/entities/achievement.entity.ts,NO,01-fase-alcance-inicial
01-fase-alcance-inicial/EAI-003-gamificacion/especificaciones/ET-GAM-001-achievements.md,archivo,apps/backend/src/gamification/entities/user-achievement.entity.ts,NO,01-fase-alcance-inicial
01-fase-alcance-inicial/EAI-003-gamificacion/especificaciones/ET-GAM-001-achievements.md,archivo,apps/backend/src/gamification/dto/achievement.dto.ts,NO,01-fase-alcance-inicial
01-fase-alcance-inicial/EAI-003-gamificacion/especificaciones/ET-GAM-001-achievements.md,archivo,apps/backend/src/gamification/services/achievement.service.ts,NO,01-fase-alcance-inicial
01-fase-alcance-inicial/EAI-003-gamificacion/especificaciones/ET-GAM-001-achievements.md,archivo,apps/backend/src/gamification/listeners/achievement.listener.ts,NO,01-fase-alcance-inicial
01-fase-alcance-inicial/EAI-003-gamificacion/especificaciones/ET-GAM-001-achievements.md,archivo,apps/backend/src/gamification/controllers/achievement.controller.ts,NO,01-fase-alcance-inicial
01-fase-alcance-inicial/EAI-003-gamificacion/especificaciones/ET-GAM-001-achievements.md,archivo,apps/frontend/src/types/achievement.types.ts,NO,01-fase-alcance-inicial
01-fase-alcance-inicial/EAI-003-gamificacion/especificaciones/ET-GAM-001-achievements.md,archivo,apps/frontend/src/services/achievement.service.ts,NO,01-fase-alcance-inicial
01-fase-alcance-inicial/EAI-003-gamificacion/especificaciones/ET-GAM-001-achievements.md,archivo,apps/frontend/src/components/gamification/AchievementCard.tsx,NO,01-fase-alcance-inicial
01-fase-alcance-inicial/EAI-003-gamificacion/especificaciones/ET-GAM-001-achievements.md,archivo,apps/frontend/src/components/gamification/AchievementGallery.tsx,NO,01-fase-alcance-inicial
01-fase-alcance-inicial/EAI-003-gamificacion/especificaciones/ET-GAM-001-achievements.md,archivo,apps/frontend/src/components/gamification/AchievementUnlockedModal.tsx,NO,01-fase-alcance-inicial
01-fase-alcance-inicial/EAI-003-gamificacion/especificaciones/ET-GAM-003-rangos-maya.md,archivo,apps/database/ddl/schemas/gamification_system/enums/maya_rank.sql,SI,01-fase-alcance-inicial
01-fase-alcance-inicial/EAI-003-gamificacion/especificaciones/ET-GAM-003-rangos-maya.md,archivo,apps/database/ddl/schemas/gamification_system/tables/01-user_stats.sql,SI,01-fase-alcance-inicial
01-fase-alcance-inicial/EAI-003-gamificacion/especificaciones/ET-GAM-003-rangos-maya.md,archivo,apps/database/ddl/schemas/gamification_system/tables/05-rank_history.sql,NO,01-fase-alcance-inicial
01-fase-alcance-inicial/EAI-003-gamificacion/especificaciones/ET-GAM-003-rangos-maya.md,archivo,apps/database/ddl/schemas/gamification_system/functions/check_rank_promotion.sql,NO,01-fase-alcance-inicial
01-fase-alcance-inicial/EAI-003-gamificacion/especificaciones/ET-GAM-003-rangos-maya.md,archivo,apps/database/ddl/schemas/gamification_system/functions/promote_to_next_rank.sql,NO,01-fase-alcance-inicial
01-fase-alcance-inicial/EAI-003-gamificacion/especificaciones/ET-GAM-003-rangos-maya.md,archivo,apps/database/ddl/schemas/gamification_system/functions/get_rank_benefits.sql,NO,01-fase-alcance-inicial
01-fase-alcance-inicial/EAI-003-gamificacion/especificaciones/ET-GAM-003-rangos-maya.md,archivo,apps/database/ddl/schemas/gamification_system/functions/get_rank_multiplier.sql,NO,01-fase-alcance-inicial
01-fase-alcance-inicial/EAI-003-gamificacion/especificaciones/ET-GAM-003-rangos-maya.md,archivo,apps/database/ddl/schemas/gamification_system/triggers/trg_check_rank_promotion.sql,NO,01-fase-alcance-inicial
01-fase-alcance-inicial/EAI-003-gamificacion/especificaciones/ET-GAM-003-rangos-maya.md,archivo,apps/database/ddl/schemas/gamification_system/enums/maya_rank.sql,SI,01-fase-alcance-inicial
01-fase-alcance-inicial/EAI-003-gamificacion/especificaciones/ET-GAM-003-rangos-maya.md,archivo,apps/database/ddl/schemas/gamification_system/tables/05-rank_history.sql,NO,01-fase-alcance-inicial
01-fase-alcance-inicial/EAI-003-gamificacion/especificaciones/ET-GAM-003-rangos-maya.md,archivo,apps/database/ddl/schemas/gamification_system/functions/check_rank_promotion.sql,NO,01-fase-alcance-inicial
01-fase-alcance-inicial/EAI-003-gamificacion/especificaciones/ET-GAM-003-rangos-maya.md,archivo,apps/database/ddl/schemas/gamification_system/functions/promote_to_next_rank.sql,NO,01-fase-alcance-inicial
01-fase-alcance-inicial/EAI-003-gamificacion/especificaciones/ET-GAM-003-rangos-maya.md,archivo,apps/database/ddl/schemas/gamification_system/functions/get_rank_benefits.sql,NO,01-fase-alcance-inicial
01-fase-alcance-inicial/EAI-003-gamificacion/especificaciones/ET-GAM-003-rangos-maya.md,archivo,apps/database/ddl/schemas/gamification_system/functions/get_rank_multiplier.sql,NO,01-fase-alcance-inicial
01-fase-alcance-inicial/EAI-003-gamificacion/especificaciones/ET-GAM-003-rangos-maya.md,archivo,apps/database/ddl/schemas/gamification_system/triggers/trg_check_rank_promotion.sql,NO,01-fase-alcance-inicial
01-fase-alcance-inicial/EAI-003-gamificacion/especificaciones/ET-GAM-003-rangos-maya.md,archivo,apps/backend/src/modules/gamification/enums/maya-rank.enum.ts,NO,01-fase-alcance-inicial
01-fase-alcance-inicial/EAI-003-gamificacion/especificaciones/ET-GAM-003-rangos-maya.md,archivo,apps/backend/src/modules/gamification/interfaces/rank-benefits.interface.ts,NO,01-fase-alcance-inicial
01-fase-alcance-inicial/EAI-003-gamificacion/especificaciones/ET-GAM-003-rangos-maya.md,archivo,apps/backend/src/modules/gamification/services/rank.service.ts,NO,01-fase-alcance-inicial
01-fase-alcance-inicial/EAI-003-gamificacion/especificaciones/ET-GAM-003-rangos-maya.md,archivo,apps/backend/src/modules/gamification/controllers/rank.controller.ts,NO,01-fase-alcance-inicial
01-fase-alcance-inicial/EAI-003-gamificacion/especificaciones/ET-GAM-003-rangos-maya.md,archivo,apps/frontend/src/hooks/useRankProgress.ts,NO,01-fase-alcance-inicial
01-fase-alcance-inicial/EAI-003-gamificacion/especificaciones/ET-GAM-003-rangos-maya.md,archivo,apps/frontend/src/components/gamification/RankBadge.ts,NO,01-fase-alcance-inicial
01-fase-alcance-inicial/EAI-003-gamificacion/especificaciones/ET-GAM-003-rangos-maya.md,archivo,apps/frontend/src/components/gamification/RankProgressBar.ts,NO,01-fase-alcance-inicial
01-fase-alcance-inicial/EAI-003-gamificacion/especificaciones/ET-GAM-003-rangos-maya.md,archivo,apps/frontend/src/components/gamification/RankPromotionModal.ts,NO,01-fase-alcance-inicial
01-fase-alcance-inicial/EAI-003-gamificacion/especificaciones/ET-GAM-003-rangos-maya.md,archivo,apps/frontend/src/components/gamification/RankHistoryTimeline.ts,NO,01-fase-alcance-inicial
01-fase-alcance-inicial/EAI-003-gamificacion/especificaciones/ET-GAM-002-comodines.md,archivo,apps/database/ddl/00-prerequisites.sql,SI,01-fase-alcance-inicial
01-fase-alcance-inicial/EAI-003-gamificacion/especificaciones/ET-GAM-002-comodines.md,archivo,apps/database/ddl/00-prerequisites.sql,SI,01-fase-alcance-inicial
01-fase-alcance-inicial/EAI-003-gamificacion/especificaciones/ET-GAM-002-comodines.md,archivo,apps/database/ddl/schemas/gamification_system/tables/comodines_inventory.sql,NO,01-fase-alcance-inicial
01-fase-alcance-inicial/EAI-003-gamificacion/especificaciones/ET-GAM-002-comodines.md,archivo,apps/database/ddl/schemas/gamification_system/tables/comodin_usage_log.sql,NO,01-fase-alcance-inicial
01-fase-alcance-inicial/EAI-003-gamificacion/especificaciones/ET-GAM-002-comodines.md,archivo,apps/database/ddl/schemas/gamification_system/tables/comodin_usage_tracking.sql,NO,01-fase-alcance-inicial
01-fase-alcance-inicial/EAI-003-gamificacion/especificaciones/ET-GAM-002-comodines.md,archivo,apps/database/ddl/schemas/gamification_system/functions/purchase_comodin.sql,NO,01-fase-alcance-inicial
01-fase-alcance-inicial/EAI-003-gamificacion/especificaciones/ET-GAM-002-comodines.md,archivo,apps/database/ddl/schemas/gamification_system/functions/use_comodin.sql,NO,01-fase-alcance-inicial
01-fase-alcance-inicial/EAI-003-gamificacion/especificaciones/ET-GAM-002-comodines.md,archivo,apps/database/ddl/schemas/gamification_system/functions/get_comodin_inventory.sql,NO,01-fase-alcance-inicial
01-fase-alcance-inicial/EAI-003-gamificacion/especificaciones/ET-GAM-002-comodines.md,archivo,apps/backend/src/gamification/enums/comodin-type.enum.ts,NO,01-fase-alcance-inicial
01-fase-alcance-inicial/EAI-003-gamificacion/especificaciones/ET-GAM-002-comodines.md,archivo,apps/backend/src/gamification/entities/comodin-inventory.entity.ts,NO,01-fase-alcance-inicial
01-fase-alcance-inicial/EAI-003-gamificacion/especificaciones/ET-GAM-002-comodines.md,archivo,apps/backend/src/gamification/dto/comodin.dto.ts,NO,01-fase-alcance-inicial
01-fase-alcance-inicial/EAI-003-gamificacion/especificaciones/ET-GAM-002-comodines.md,archivo,apps/backend/src/gamification/services/comodin.service.ts,NO,01-fase-alcance-inicial
01-fase-alcance-inicial/EAI-003-gamificacion/especificaciones/ET-GAM-002-comodines.md,archivo,apps/backend/src/gamification/controllers/comodin.controller.ts,NO,01-fase-alcance-inicial
01-fase-alcance-inicial/EAI-003-gamificacion/especificaciones/ET-GAM-002-comodines.md,archivo,apps/frontend/src/components/gamification/ComodinShop.ts,NO,01-fase-alcance-inicial
01-fase-alcance-inicial/EAI-003-gamificacion/especificaciones/ET-GAM-002-comodines.md,archivo,apps/frontend/src/components/exercises/ComodinButton.ts,NO,01-fase-alcance-inicial
01-fase-alcance-inicial/EAI-003-gamificacion/especificaciones/ET-GAM-002-comodines.md,archivo,apps/database/ddl/schemas/gamification_system/tables/comodines_inventory.sql,NO,01-fase-alcance-inicial
01-fase-alcance-inicial/EAI-003-gamificacion/especificaciones/ET-GAM-002-comodines.md,archivo,apps/database/ddl/schemas/gamification_system/tables/comodin_usage_log.sql,NO,01-fase-alcance-inicial
01-fase-alcance-inicial/EAI-003-gamificacion/especificaciones/ET-GAM-002-comodines.md,archivo,apps/database/ddl/schemas/gamification_system/tables/comodin_usage_tracking.sql,NO,01-fase-alcance-inicial
01-fase-alcance-inicial/EAI-003-gamificacion/especificaciones/ET-GAM-002-comodines.md,archivo,apps/database/ddl/schemas/gamification_system/functions/purchase_comodin.sql,NO,01-fase-alcance-inicial
01-fase-alcance-inicial/EAI-003-gamificacion/especificaciones/ET-GAM-002-comodines.md,archivo,apps/database/ddl/schemas/gamification_system/functions/use_comodin.sql,NO,01-fase-alcance-inicial
01-fase-alcance-inicial/EAI-003-gamificacion/especificaciones/ET-GAM-002-comodines.md,archivo,apps/database/ddl/schemas/gamification_system/functions/get_comodin_inventory.sql,NO,01-fase-alcance-inicial
01-fase-alcance-inicial/EAI-003-gamificacion/especificaciones/ET-GAM-002-comodines.md,archivo,apps/backend/src/gamification/enums/comodin-type.enum.ts,NO,01-fase-alcance-inicial
01-fase-alcance-inicial/EAI-003-gamificacion/especificaciones/ET-GAM-002-comodines.md,archivo,apps/backend/src/gamification/entities/comodin-inventory.entity.ts,NO,01-fase-alcance-inicial
01-fase-alcance-inicial/EAI-003-gamificacion/especificaciones/ET-GAM-002-comodines.md,archivo,apps/backend/src/gamification/dto/comodin.dto.ts,NO,01-fase-alcance-inicial
01-fase-alcance-inicial/EAI-003-gamificacion/especificaciones/ET-GAM-002-comodines.md,archivo,apps/backend/src/gamification/services/comodin.service.ts,NO,01-fase-alcance-inicial
01-fase-alcance-inicial/EAI-003-gamificacion/especificaciones/ET-GAM-002-comodines.md,archivo,apps/backend/src/gamification/controllers/comodin.controller.ts,NO,01-fase-alcance-inicial
01-fase-alcance-inicial/EAI-003-gamificacion/especificaciones/ET-GAM-002-comodines.md,archivo,apps/frontend/src/components/gamification/ComodinShop.tsx,NO,01-fase-alcance-inicial
01-fase-alcance-inicial/EAI-003-gamificacion/especificaciones/ET-GAM-002-comodines.md,archivo,apps/frontend/src/components/exercises/ComodinButton.tsx,NO,01-fase-alcance-inicial
01-fase-alcance-inicial/EAI-003-gamificacion/requerimientos/RF-GAM-003-rangos-maya.md,archivo,apps/database/ddl/schemas/gamification_system/enums/maya_rank.sql,SI,01-fase-alcance-inicial
01-fase-alcance-inicial/EAI-003-gamificacion/requerimientos/RF-GAM-003-rangos-maya.md,archivo,apps/database/ddl/schemas/gamification_system/tables/user_stats.sql,NO,01-fase-alcance-inicial
01-fase-alcance-inicial/EAI-003-gamificacion/requerimientos/RF-GAM-003-rangos-maya.md,archivo,apps/database/ddl/schemas/gamification_system/tables/rank_history.sql,NO,01-fase-alcance-inicial
01-fase-alcance-inicial/EAI-003-gamificacion/requerimientos/RF-GAM-003-rangos-maya.md,archivo,apps/database/ddl/schemas/gamification_system/functions/check_rank_promotion.sql,NO,01-fase-alcance-inicial
01-fase-alcance-inicial/EAI-003-gamificacion/requerimientos/RF-GAM-003-rangos-maya.md,archivo,apps/database/ddl/schemas/gamification_system/functions/promote_to_next_rank.sql,NO,01-fase-alcance-inicial
01-fase-alcance-inicial/EAI-003-gamificacion/requerimientos/RF-GAM-003-rangos-maya.md,archivo,apps/database/ddl/schemas/gamification_system/functions/get_rank_benefits.sql,NO,01-fase-alcance-inicial
01-fase-alcance-inicial/EAI-003-gamificacion/requerimientos/RF-GAM-003-rangos-maya.md,archivo,apps/database/ddl/schemas/gamification_system/triggers/trg_check_rank_promotion.sql,NO,01-fase-alcance-inicial
01-fase-alcance-inicial/EAI-003-gamificacion/requerimientos/RF-GAM-003-rangos-maya.md,archivo,apps/database/ddl/schemas/gamification_system/enums/maya_rank.sql,SI,01-fase-alcance-inicial
01-fase-alcance-inicial/EAI-003-gamificacion/requerimientos/RF-GAM-003-rangos-maya.md,archivo,apps/database/ddl/schemas/gamification_system/tables/user_stats.sql,NO,01-fase-alcance-inicial
01-fase-alcance-inicial/EAI-003-gamificacion/requerimientos/RF-GAM-003-rangos-maya.md,archivo,apps/database/ddl/schemas/gamification_system/tables/rank_history.sql,NO,01-fase-alcance-inicial
01-fase-alcance-inicial/EAI-003-gamificacion/requerimientos/RF-GAM-003-rangos-maya.md,archivo,apps/database/ddl/schemas/gamification_system/functions/check_rank_promotion.sql,NO,01-fase-alcance-inicial
01-fase-alcance-inicial/EAI-003-gamificacion/requerimientos/RF-GAM-003-rangos-maya.md,archivo,apps/database/ddl/schemas/gamification_system/functions/promote_to_next_rank.sql,NO,01-fase-alcance-inicial
01-fase-alcance-inicial/EAI-003-gamificacion/requerimientos/RF-GAM-003-rangos-maya.md,archivo,apps/database/ddl/schemas/gamification_system/functions/get_rank_benefits.sql,NO,01-fase-alcance-inicial
01-fase-alcance-inicial/EAI-003-gamificacion/requerimientos/RF-GAM-003-rangos-maya.md,archivo,apps/database/ddl/schemas/gamification_system/triggers/trg_check_rank_promotion.sql,NO,01-fase-alcance-inicial
01-fase-alcance-inicial/EAI-003-gamificacion/requerimientos/RF-GAM-001-achievements.md,archivo,apps/database/ddl/00-prerequisites.sql,SI,01-fase-alcance-inicial
01-fase-alcance-inicial/EAI-003-gamificacion/requerimientos/RF-GAM-001-achievements.md,archivo,apps/database/ddl/00-prerequisites.sql,SI,01-fase-alcance-inicial
01-fase-alcance-inicial/EAI-003-gamificacion/requerimientos/RF-GAM-001-achievements.md,archivo,apps/database/ddl/schemas/gamification_system/tables/01-achievements.sql,NO,01-fase-alcance-inicial
01-fase-alcance-inicial/EAI-003-gamificacion/requerimientos/RF-GAM-001-achievements.md,archivo,apps/database/ddl/schemas/gamification_system/tables/02-user_achievements.sql,NO,01-fase-alcance-inicial
01-fase-alcance-inicial/EAI-003-gamificacion/requerimientos/RF-GAM-001-achievements.md,archivo,apps/backend/src/modules/gamification/enums/achievement-type.enum.ts,NO,01-fase-alcance-inicial
01-fase-alcance-inicial/EAI-003-gamificacion/requerimientos/RF-GAM-001-achievements.md,archivo,apps/backend/src/modules/gamification/enums/achievement-category.enum.ts,NO,01-fase-alcance-inicial
01-fase-alcance-inicial/EAI-003-gamificacion/requerimientos/RF-GAM-001-achievements.md,archivo,apps/backend/src/modules/gamification/services/achievement.service.ts,NO,01-fase-alcance-inicial
01-fase-alcance-inicial/EAI-003-gamificacion/requerimientos/RF-GAM-001-achievements.md,archivo,apps/backend/src/modules/gamification/listeners/achievement.listener.ts,NO,01-fase-alcance-inicial
01-fase-alcance-inicial/EAI-003-gamificacion/requerimientos/RF-GAM-001-achievements.md,archivo,apps/backend/src/modules/gamification/dto/unlock-achievement.dto.ts,NO,01-fase-alcance-inicial
01-fase-alcance-inicial/EAI-003-gamificacion/requerimientos/RF-GAM-001-achievements.md,archivo,apps/frontend/src/types/gamification.types.ts,NO,01-fase-alcance-inicial
01-fase-alcance-inicial/EAI-003-gamificacion/requerimientos/RF-GAM-001-achievements.md,archivo,apps/frontend/src/components/gamification/AchievementGallery.ts,NO,01-fase-alcance-inicial
01-fase-alcance-inicial/EAI-003-gamificacion/requerimientos/RF-GAM-001-achievements.md,archivo,apps/frontend/src/components/gamification/AchievementCard.ts,NO,01-fase-alcance-inicial
01-fase-alcance-inicial/EAI-003-gamificacion/requerimientos/RF-GAM-001-achievements.md,archivo,apps/frontend/src/components/gamification/AchievementUnlockedModal.ts,NO,01-fase-alcance-inicial
01-fase-alcance-inicial/EAI-003-gamificacion/requerimientos/RF-GAM-001-achievements.md,archivo,apps/frontend/src/components/gamification/AchievementProgress.ts,NO,01-fase-alcance-inicial
01-fase-alcance-inicial/EAI-003-gamificacion/requerimientos/RF-GAM-001-achievements.md,archivo,apps/database/ddl/schemas/gamification_system/tables/01-achievements.sql,NO,01-fase-alcance-inicial
01-fase-alcance-inicial/EAI-003-gamificacion/requerimientos/RF-GAM-001-achievements.md,archivo,apps/database/ddl/schemas/gamification_system/tables/02-user_achievements.sql,NO,01-fase-alcance-inicial
01-fase-alcance-inicial/EAI-003-gamificacion/requerimientos/RF-GAM-001-achievements.md,archivo,apps/backend/src/modules/gamification/enums/achievement-type.enum.ts,NO,01-fase-alcance-inicial
01-fase-alcance-inicial/EAI-003-gamificacion/requerimientos/RF-GAM-001-achievements.md,archivo,apps/backend/src/modules/gamification/enums/achievement-category.enum.ts,NO,01-fase-alcance-inicial
01-fase-alcance-inicial/EAI-003-gamificacion/requerimientos/RF-GAM-001-achievements.md,archivo,apps/backend/src/modules/gamification/services/achievement.service.ts,NO,01-fase-alcance-inicial
01-fase-alcance-inicial/EAI-003-gamificacion/requerimientos/RF-GAM-001-achievements.md,archivo,apps/backend/src/modules/gamification/listeners/achievement.listener.ts,NO,01-fase-alcance-inicial
01-fase-alcance-inicial/EAI-003-gamificacion/requerimientos/RF-GAM-001-achievements.md,archivo,apps/backend/src/modules/gamification/dto/unlock-achievement.dto.ts,NO,01-fase-alcance-inicial
01-fase-alcance-inicial/EAI-003-gamificacion/requerimientos/RF-GAM-001-achievements.md,archivo,apps/frontend/src/types/gamification.types.ts,NO,01-fase-alcance-inicial
01-fase-alcance-inicial/EAI-003-gamificacion/requerimientos/RF-GAM-001-achievements.md,archivo,apps/frontend/src/components/gamification/AchievementGallery.tsx,NO,01-fase-alcance-inicial
01-fase-alcance-inicial/EAI-003-gamificacion/requerimientos/RF-GAM-001-achievements.md,archivo,apps/frontend/src/components/gamification/AchievementCard.tsx,NO,01-fase-alcance-inicial
01-fase-alcance-inicial/EAI-003-gamificacion/requerimientos/RF-GAM-001-achievements.md,archivo,apps/frontend/src/components/gamification/AchievementUnlockedModal.tsx,NO,01-fase-alcance-inicial
01-fase-alcance-inicial/EAI-003-gamificacion/requerimientos/RF-GAM-001-achievements.md,archivo,apps/frontend/src/components/gamification/AchievementProgress.tsx,NO,01-fase-alcance-inicial
01-fase-alcance-inicial/EAI-003-gamificacion/requerimientos/RF-GAM-002-comodines.md,archivo,apps/database/ddl/00-prerequisites.sql,SI,01-fase-alcance-inicial
01-fase-alcance-inicial/EAI-003-gamificacion/requerimientos/RF-GAM-002-comodines.md,archivo,apps/database/ddl/schemas/gamification_system/tables/comodines_inventory.sql,NO,01-fase-alcance-inicial
01-fase-alcance-inicial/EAI-003-gamificacion/requerimientos/RF-GAM-002-comodines.md,archivo,apps/database/ddl/schemas/gamification_system/tables/comodin_usage_log.sql,NO,01-fase-alcance-inicial
01-fase-alcance-inicial/EAI-003-gamificacion/requerimientos/RF-GAM-002-comodines.md,archivo,apps/database/ddl/schemas/gamification_system/tables/user_stats.sql,NO,01-fase-alcance-inicial
01-fase-alcance-inicial/EAI-003-gamificacion/requerimientos/RF-GAM-002-comodines.md,archivo,apps/database/ddl/schemas/gamification_system/functions/purchase_comodin.sql,NO,01-fase-alcance-inicial
01-fase-alcance-inicial/EAI-003-gamificacion/requerimientos/RF-GAM-002-comodines.md,archivo,apps/database/ddl/schemas/gamification_system/functions/use_comodin.sql,NO,01-fase-alcance-inicial
01-fase-alcance-inicial/EAI-003-gamificacion/requerimientos/RF-GAM-002-comodines.md,archivo,apps/database/ddl/schemas/gamification_system/functions/get_comodin_inventory.sql,NO,01-fase-alcance-inicial
01-fase-alcance-inicial/EAI-003-gamificacion/requerimientos/RF-GAM-002-comodines.md,archivo,apps/database/ddl/schemas/gamification_system/tables/comodines_inventory.sql,NO,01-fase-alcance-inicial
01-fase-alcance-inicial/EAI-003-gamificacion/requerimientos/RF-GAM-002-comodines.md,archivo,apps/database/ddl/schemas/gamification_system/tables/comodin_usage_log.sql,NO,01-fase-alcance-inicial
01-fase-alcance-inicial/EAI-003-gamificacion/requerimientos/RF-GAM-002-comodines.md,archivo,apps/database/ddl/schemas/gamification_system/tables/user_stats.sql,NO,01-fase-alcance-inicial
01-fase-alcance-inicial/EAI-003-gamificacion/requerimientos/RF-GAM-002-comodines.md,archivo,apps/database/ddl/schemas/gamification_system/functions/purchase_comodin.sql,NO,01-fase-alcance-inicial
01-fase-alcance-inicial/EAI-003-gamificacion/requerimientos/RF-GAM-002-comodines.md,archivo,apps/database/ddl/schemas/gamification_system/functions/use_comodin.sql,NO,01-fase-alcance-inicial
01-fase-alcance-inicial/EAI-003-gamificacion/requerimientos/RF-GAM-002-comodines.md,archivo,apps/database/ddl/schemas/gamification_system/functions/get_comodin_inventory.sql,NO,01-fase-alcance-inicial
01-fase-alcance-inicial/EAI-002-actividades/especificaciones/ET-EDU-002-niveles-dificultad.md,archivo,apps/database/ddl/schemas/educational_content/enums/difficulty_level.sql,NO,01-fase-alcance-inicial
01-fase-alcance-inicial/EAI-002-actividades/especificaciones/ET-EDU-002-niveles-dificultad.md,archivo,apps/database/ddl/schemas/educational_content/tables/difficulty_criteria.sql,NO,01-fase-alcance-inicial
01-fase-alcance-inicial/EAI-002-actividades/especificaciones/ET-EDU-002-niveles-dificultad.md,archivo,apps/database/ddl/schemas/progress_tracking/tables/user_difficulty_progress.sql,NO,01-fase-alcance-inicial
01-fase-alcance-inicial/EAI-002-actividades/especificaciones/ET-EDU-002-niveles-dificultad.md,archivo,apps/database/ddl/schemas/progress_tracking/tables/user_current_level.sql,NO,01-fase-alcance-inicial
01-fase-alcance-inicial/EAI-002-actividades/especificaciones/ET-EDU-002-niveles-dificultad.md,archivo,apps/database/ddl/schemas/progress_tracking/functions/check_difficulty_promotion_eligibility.sql,NO,01-fase-alcance-inicial
01-fase-alcance-inicial/EAI-002-actividades/especificaciones/ET-EDU-002-niveles-dificultad.md,archivo,apps/database/ddl/schemas/progress_tracking/functions/promote_user_difficulty_level.sql,NO,01-fase-alcance-inicial
01-fase-alcance-inicial/EAI-002-actividades/especificaciones/ET-EDU-002-niveles-dificultad.md,archivo,apps/database/ddl/schemas/progress_tracking/functions/update_difficulty_progress.sql,NO,01-fase-alcance-inicial
01-fase-alcance-inicial/EAI-002-actividades/especificaciones/ET-EDU-002-niveles-dificultad.md,archivo,apps/database/ddl/schemas/educational_content/tables/placement_tests.sql,NO,01-fase-alcance-inicial
01-fase-alcance-inicial/EAI-002-actividades/especificaciones/ET-EDU-002-niveles-dificultad.md,archivo,apps/database/ddl/schemas/progress_tracking/tables/placement_test_results.sql,NO,01-fase-alcance-inicial
01-fase-alcance-inicial/EAI-002-actividades/especificaciones/ET-EDU-002-niveles-dificultad.md,archivo,apps/backend/src/modules/educational-content/enums/difficulty-level.enum.ts,NO,01-fase-alcance-inicial
01-fase-alcance-inicial/EAI-002-actividades/especificaciones/ET-EDU-002-niveles-dificultad.md,archivo,apps/backend/src/modules/progress/entities/difficulty-progress.entity.ts,NO,01-fase-alcance-inicial
01-fase-alcance-inicial/EAI-002-actividades/especificaciones/ET-EDU-002-niveles-dificultad.md,archivo,apps/backend/src/modules/progress/services/difficulty-progress.service.ts,NO,01-fase-alcance-inicial
01-fase-alcance-inicial/EAI-002-actividades/especificaciones/ET-EDU-002-niveles-dificultad.md,archivo,apps/backend/src/modules/educational-content/services/placement-test.service.ts,NO,01-fase-alcance-inicial
01-fase-alcance-inicial/EAI-002-actividades/especificaciones/ET-EDU-002-niveles-dificultad.md,archivo,apps/backend/src/modules/progress/controllers/difficulty-progress.controller.ts,NO,01-fase-alcance-inicial
01-fase-alcance-inicial/EAI-002-actividades/especificaciones/ET-EDU-002-niveles-dificultad.md,archivo,apps/frontend/src/hooks/useDifficultyProgress.ts,NO,01-fase-alcance-inicial
01-fase-alcance-inicial/EAI-002-actividades/especificaciones/ET-EDU-002-niveles-dificultad.md,archivo,apps/frontend/src/components/progress/DifficultyProgressDashboard.ts,NO,01-fase-alcance-inicial
01-fase-alcance-inicial/EAI-002-actividades/especificaciones/ET-EDU-002-niveles-dificultad.md,archivo,apps/frontend/src/components/placement-test/PlacementTestFlow.ts,NO,01-fase-alcance-inicial
01-fase-alcance-inicial/EAI-002-actividades/especificaciones/ET-EDU-002-niveles-dificultad.md,archivo,apps/backend/src/modules/progress/services/difficulty-progress.service.spec.ts,NO,01-fase-alcance-inicial
01-fase-alcance-inicial/EAI-002-actividades/especificaciones/ET-EDU-002-niveles-dificultad.md,archivo,apps/database/ddl/schemas/progress_tracking/materialized-views/difficulty_level_stats.sql,NO,01-fase-alcance-inicial
01-fase-alcance-inicial/EAI-002-actividades/especificaciones/ET-EDU-002-niveles-dificultad.md,archivo,apps/backend/src/modules/progress/services/difficulty-progress.service.ts,NO,01-fase-alcance-inicial
01-fase-alcance-inicial/EAI-002-actividades/especificaciones/ET-EDU-002-niveles-dificultad.md,archivo,apps/backend/src/modules/progress/controllers/difficulty-progress.controller.ts,NO,01-fase-alcance-inicial
01-fase-alcance-inicial/EAI-002-actividades/especificaciones/ET-EDU-002-niveles-dificultad.md,archivo,apps/backend/src/modules/educational-content/services/placement-test.service.ts,NO,01-fase-alcance-inicial
01-fase-alcance-inicial/EAI-002-actividades/especificaciones/ET-EDU-002-niveles-dificultad.md,archivo,apps/frontend/src/hooks/useDifficultyProgress.ts,NO,01-fase-alcance-inicial
01-fase-alcance-inicial/EAI-002-actividades/especificaciones/ET-EDU-002-niveles-dificultad.md,archivo,apps/frontend/src/components/progress/DifficultyProgressDashboard.ts,NO,01-fase-alcance-inicial
01-fase-alcance-inicial/EAI-002-actividades/especificaciones/ET-EDU-002-niveles-dificultad.md,archivo,apps/frontend/src/components/placement-test/PlacementTestFlow.ts,NO,01-fase-alcance-inicial
01-fase-alcance-inicial/EAI-002-actividades/especificaciones/ET-EDU-002-niveles-dificultad.md,archivo,apps/backend/src/modules/progress/services/difficulty-progress.service.ts,NO,01-fase-alcance-inicial
01-fase-alcance-inicial/EAI-002-actividades/especificaciones/ET-EDU-002-niveles-dificultad.md,archivo,apps/backend/src/modules/progress/controllers/difficulty-progress.controller.ts,NO,01-fase-alcance-inicial
01-fase-alcance-inicial/EAI-002-actividades/especificaciones/ET-EDU-002-niveles-dificultad.md,archivo,apps/backend/src/modules/educational-content/services/placement-test.service.ts,NO,01-fase-alcance-inicial
01-fase-alcance-inicial/EAI-002-actividades/especificaciones/ET-EDU-002-niveles-dificultad.md,archivo,apps/frontend/src/hooks/useDifficultyProgress.ts,NO,01-fase-alcance-inicial
01-fase-alcance-inicial/EAI-002-actividades/especificaciones/ET-EDU-002-niveles-dificultad.md,archivo,apps/frontend/src/components/progress/DifficultyProgressDashboard.tsx,NO,01-fase-alcance-inicial
01-fase-alcance-inicial/EAI-002-actividades/especificaciones/ET-EDU-002-niveles-dificultad.md,archivo,apps/frontend/src/components/placement-test/PlacementTestFlow.tsx,NO,01-fase-alcance-inicial
01-fase-alcance-inicial/EAI-002-actividades/especificaciones/ET-EDU-001-mecanicas-ejercicios.md,archivo,apps/database/ddl/00-prerequisites.sql,SI,01-fase-alcance-inicial
01-fase-alcance-inicial/EAI-002-actividades/especificaciones/ET-EDU-001-mecanicas-ejercicios.md,archivo,apps/database/ddl/00-prerequisites.sql,SI,01-fase-alcance-inicial
01-fase-alcance-inicial/EAI-002-actividades/especificaciones/ET-EDU-001-mecanicas-ejercicios.md,archivo,apps/database/ddl/schemas/educational_content/tables/exercises.sql,NO,01-fase-alcance-inicial
01-fase-alcance-inicial/EAI-002-actividades/especificaciones/ET-EDU-001-mecanicas-ejercicios.md,archivo,apps/database/ddl/schemas/educational_content/functions/validate_exercise_structure.sql,NO,01-fase-alcance-inicial
01-fase-alcance-inicial/EAI-002-actividades/especificaciones/ET-EDU-001-mecanicas-ejercicios.md,archivo,apps/backend/src/educational-content/enums/exercise-mechanic.enum.ts,NO,01-fase-alcance-inicial
01-fase-alcance-inicial/EAI-002-actividades/especificaciones/ET-EDU-001-mecanicas-ejercicios.md,archivo,apps/backend/src/educational-content/entities/exercise.entity.ts,NO,01-fase-alcance-inicial
01-fase-alcance-inicial/EAI-002-actividades/especificaciones/ET-EDU-001-mecanicas-ejercicios.md,archivo,apps/backend/src/educational-content/validators/exercise-validators.ts,NO,01-fase-alcance-inicial
01-fase-alcance-inicial/EAI-002-actividades/especificaciones/ET-EDU-001-mecanicas-ejercicios.md,archivo,apps/backend/src/educational-content/services/exercise.service.ts,NO,01-fase-alcance-inicial
01-fase-alcance-inicial/EAI-002-actividades/especificaciones/ET-EDU-001-mecanicas-ejercicios.md,archivo,apps/backend/src/educational-content/controllers/exercise.controller.ts,NO,01-fase-alcance-inicial
01-fase-alcance-inicial/EAI-002-actividades/especificaciones/ET-EDU-001-mecanicas-ejercicios.md,archivo,apps/frontend/src/components/exercises/ExerciseRenderer.ts,NO,01-fase-alcance-inicial
01-fase-alcance-inicial/EAI-002-actividades/especificaciones/ET-EDU-001-mecanicas-ejercicios.md,archivo,apps/frontend/src/components/exercises/mechanics/MultipleChoiceExercise.ts,NO,01-fase-alcance-inicial
01-fase-alcance-inicial/EAI-002-actividades/especificaciones/ET-EDU-001-mecanicas-ejercicios.md,archivo,apps/database/ddl/schemas/educational_content/tables/exercises.sql,NO,01-fase-alcance-inicial
01-fase-alcance-inicial/EAI-002-actividades/especificaciones/ET-EDU-001-mecanicas-ejercicios.md,archivo,apps/database/ddl/schemas/educational_content/functions/validate_exercise_structure.sql,NO,01-fase-alcance-inicial
01-fase-alcance-inicial/EAI-002-actividades/especificaciones/ET-EDU-001-mecanicas-ejercicios.md,archivo,apps/backend/src/educational-content/enums/exercise-mechanic.enum.ts,NO,01-fase-alcance-inicial
01-fase-alcance-inicial/EAI-002-actividades/especificaciones/ET-EDU-001-mecanicas-ejercicios.md,archivo,apps/backend/src/educational-content/entities/exercise.entity.ts,NO,01-fase-alcance-inicial
01-fase-alcance-inicial/EAI-002-actividades/especificaciones/ET-EDU-001-mecanicas-ejercicios.md,archivo,apps/backend/src/educational-content/validators/exercise-validators.ts,NO,01-fase-alcance-inicial
01-fase-alcance-inicial/EAI-002-actividades/especificaciones/ET-EDU-001-mecanicas-ejercicios.md,archivo,apps/backend/src/educational-content/services/exercise.service.ts,NO,01-fase-alcance-inicial
01-fase-alcance-inicial/EAI-002-actividades/especificaciones/ET-EDU-001-mecanicas-ejercicios.md,archivo,apps/backend/src/educational-content/controllers/exercise.controller.ts,NO,01-fase-alcance-inicial
01-fase-alcance-inicial/EAI-002-actividades/especificaciones/ET-EDU-001-mecanicas-ejercicios.md,archivo,apps/frontend/src/components/exercises/ExerciseRenderer.tsx,NO,01-fase-alcance-inicial
01-fase-alcance-inicial/EAI-002-actividades/especificaciones/ET-EDU-001-mecanicas-ejercicios.md,archivo,apps/frontend/src/components/exercises/mechanics/MultipleChoiceExercise.tsx,NO,01-fase-alcance-inicial
01-fase-alcance-inicial/EAI-002-actividades/especificaciones/ET-EDU-003-taxonomia-bloom.md,archivo,apps/database/ddl/schemas/educational_content/enums/bloom_level.sql,NO,01-fase-alcance-inicial
01-fase-alcance-inicial/EAI-002-actividades/especificaciones/ET-EDU-003-taxonomia-bloom.md,archivo,apps/database/ddl/schemas/educational_content/tables/exercises.sql,NO,01-fase-alcance-inicial
01-fase-alcance-inicial/EAI-002-actividades/especificaciones/ET-EDU-003-taxonomia-bloom.md,archivo,apps/database/ddl/schemas/progress_tracking/tables/cognitive_performance.sql,NO,01-fase-alcance-inicial
01-fase-alcance-inicial/EAI-002-actividades/especificaciones/ET-EDU-003-taxonomia-bloom.md,archivo,apps/database/ddl/schemas/progress_tracking/functions/update_cognitive_performance.sql,NO,01-fase-alcance-inicial
01-fase-alcance-inicial/EAI-002-actividades/especificaciones/ET-EDU-003-taxonomia-bloom.md,archivo,apps/database/ddl/schemas/progress_tracking/functions/get_cognitive_profile.sql,NO,01-fase-alcance-inicial
01-fase-alcance-inicial/EAI-002-actividades/especificaciones/ET-EDU-003-taxonomia-bloom.md,archivo,apps/database/ddl/schemas/progress_tracking/functions/get_weak_cognitive_levels.sql,NO,01-fase-alcance-inicial
01-fase-alcance-inicial/EAI-002-actividades/especificaciones/ET-EDU-003-taxonomia-bloom.md,archivo,apps/database/ddl/schemas/educational_content/materialized-views/cognitive_level_distribution.sql,NO,01-fase-alcance-inicial
01-fase-alcance-inicial/EAI-002-actividades/especificaciones/ET-EDU-003-taxonomia-bloom.md,archivo,apps/database/ddl/schemas/gamification_system/tables/achievements.sql,NO,01-fase-alcance-inicial
01-fase-alcance-inicial/EAI-002-actividades/especificaciones/ET-EDU-003-taxonomia-bloom.md,archivo,apps/backend/src/modules/educational-content/enums/bloom-level.enum.ts,NO,01-fase-alcance-inicial
01-fase-alcance-inicial/EAI-002-actividades/especificaciones/ET-EDU-003-taxonomia-bloom.md,archivo,apps/backend/src/modules/progress/entities/cognitive-performance.entity.ts,NO,01-fase-alcance-inicial
01-fase-alcance-inicial/EAI-002-actividades/especificaciones/ET-EDU-003-taxonomia-bloom.md,archivo,apps/backend/src/modules/analytics/dto/cognitive-profile.dto.ts,NO,01-fase-alcance-inicial
01-fase-alcance-inicial/EAI-002-actividades/especificaciones/ET-EDU-003-taxonomia-bloom.md,archivo,apps/backend/src/modules/analytics/services/cognitive-analytics.service.ts,NO,01-fase-alcance-inicial
01-fase-alcance-inicial/EAI-002-actividades/especificaciones/ET-EDU-003-taxonomia-bloom.md,archivo,apps/backend/src/modules/analytics/controllers/cognitive-analytics.controller.ts,NO,01-fase-alcance-inicial
01-fase-alcance-inicial/EAI-002-actividades/especificaciones/ET-EDU-003-taxonomia-bloom.md,archivo,apps/backend/src/modules/exercises/services/exercise-attempt.service.ts,NO,01-fase-alcance-inicial
01-fase-alcance-inicial/EAI-002-actividades/especificaciones/ET-EDU-003-taxonomia-bloom.md,archivo,apps/frontend/src/hooks/useCognitiveProfile.ts,NO,01-fase-alcance-inicial
01-fase-alcance-inicial/EAI-002-actividades/especificaciones/ET-EDU-003-taxonomia-bloom.md,archivo,apps/frontend/src/components/analytics/CognitiveProfileDashboard.ts,NO,01-fase-alcance-inicial
01-fase-alcance-inicial/EAI-002-actividades/especificaciones/ET-EDU-003-taxonomia-bloom.md,archivo,apps/frontend/src/components/exercises/BloomLevelFilter.ts,NO,01-fase-alcance-inicial
01-fase-alcance-inicial/EAI-002-actividades/especificaciones/ET-EDU-003-taxonomia-bloom.md,archivo,apps/backend/src/modules/analytics/services/cognitive-analytics.service.spec.ts,NO,01-fase-alcance-inicial
01-fase-alcance-inicial/EAI-002-actividades/especificaciones/ET-EDU-003-taxonomia-bloom.md,archivo,apps/database/tests/cognitive_performance_test.sql,NO,01-fase-alcance-inicial
01-fase-alcance-inicial/EAI-002-actividades/especificaciones/ET-EDU-003-taxonomia-bloom.md,archivo,apps/backend/src/modules/analytics/services/teacher-analytics.service.ts,NO,01-fase-alcance-inicial
01-fase-alcance-inicial/EAI-002-actividades/especificaciones/ET-EDU-003-taxonomia-bloom.md,archivo,apps/backend/src/modules/analytics/services/cognitive-analytics.service.ts,NO,01-fase-alcance-inicial
01-fase-alcance-inicial/EAI-002-actividades/especificaciones/ET-EDU-003-taxonomia-bloom.md,archivo,apps/backend/src/modules/analytics/controllers/cognitive-analytics.controller.ts,NO,01-fase-alcance-inicial
01-fase-alcance-inicial/EAI-002-actividades/especificaciones/ET-EDU-003-taxonomia-bloom.md,archivo,apps/backend/src/modules/educational-content/enums/bloom-level.enum.ts,NO,01-fase-alcance-inicial
01-fase-alcance-inicial/EAI-002-actividades/especificaciones/ET-EDU-003-taxonomia-bloom.md,archivo,apps/frontend/src/hooks/useCognitiveProfile.ts,NO,01-fase-alcance-inicial
01-fase-alcance-inicial/EAI-002-actividades/especificaciones/ET-EDU-003-taxonomia-bloom.md,archivo,apps/frontend/src/components/analytics/CognitiveProfileDashboard.ts,NO,01-fase-alcance-inicial
01-fase-alcance-inicial/EAI-002-actividades/especificaciones/ET-EDU-003-taxonomia-bloom.md,archivo,apps/frontend/src/components/exercises/BloomLevelFilter.ts,NO,01-fase-alcance-inicial
01-fase-alcance-inicial/EAI-002-actividades/especificaciones/ET-EDU-003-taxonomia-bloom.md,archivo,apps/backend/src/modules/analytics/services/cognitive-analytics.service.ts,NO,01-fase-alcance-inicial
01-fase-alcance-inicial/EAI-002-actividades/especificaciones/ET-EDU-003-taxonomia-bloom.md,archivo,apps/backend/src/modules/analytics/controllers/cognitive-analytics.controller.ts,NO,01-fase-alcance-inicial
01-fase-alcance-inicial/EAI-002-actividades/especificaciones/ET-EDU-003-taxonomia-bloom.md,archivo,apps/backend/src/modules/educational-content/enums/bloom-level.enum.ts,NO,01-fase-alcance-inicial
01-fase-alcance-inicial/EAI-002-actividades/especificaciones/ET-EDU-003-taxonomia-bloom.md,archivo,apps/frontend/src/hooks/useCognitiveProfile.ts,NO,01-fase-alcance-inicial
01-fase-alcance-inicial/EAI-002-actividades/especificaciones/ET-EDU-003-taxonomia-bloom.md,archivo,apps/frontend/src/components/analytics/CognitiveProfileDashboard.tsx,NO,01-fase-alcance-inicial
01-fase-alcance-inicial/EAI-002-actividades/especificaciones/ET-EDU-003-taxonomia-bloom.md,archivo,apps/frontend/src/components/exercises/BloomLevelFilter.tsx,NO,01-fase-alcance-inicial
01-fase-alcance-inicial/EAI-002-actividades/requerimientos/RF-EDU-002-niveles-dificultad.md,archivo,apps/database/ddl/00-prerequisites.sql,SI,01-fase-alcance-inicial
01-fase-alcance-inicial/EAI-002-actividades/requerimientos/RF-EDU-002-niveles-dificultad.md,archivo,apps/database/ddl/schemas/educational_content/tables/difficulty_parameters.sql,NO,01-fase-alcance-inicial
01-fase-alcance-inicial/EAI-002-actividades/requerimientos/RF-EDU-001-mecanicas-ejercicios.md,archivo,apps/database/ddl/00-prerequisites.sql,SI,01-fase-alcance-inicial
01-fase-alcance-inicial/EAI-002-actividades/requerimientos/RF-EDU-001-mecanicas-ejercicios.md,archivo,apps/database/ddl/schemas/educational_content/tables/exercises.sql,NO,01-fase-alcance-inicial
01-fase-alcance-inicial/EAI-002-actividades/requerimientos/RF-EDU-001-mecanicas-ejercicios.md,archivo,apps/database/ddl/schemas/educational_content/tables/exercise_templates.sql,NO,01-fase-alcance-inicial
01-fase-alcance-inicial/EAI-002-actividades/requerimientos/RF-EDU-001-mecanicas-ejercicios.md,archivo,apps/database/ddl/schemas/educational_content/tables/exercises.sql,NO,01-fase-alcance-inicial
01-fase-alcance-inicial/EAI-002-actividades/requerimientos/RF-EDU-001-mecanicas-ejercicios.md,archivo,apps/database/ddl/schemas/educational_content/tables/exercise_templates.sql,NO,01-fase-alcance-inicial
01-fase-alcance-inicial/EAI-002-actividades/requerimientos/RF-EDU-003-taxonomia-bloom.md,archivo,apps/database/ddl/00-prerequisites.sql,SI,01-fase-alcance-inicial
01-fase-alcance-inicial/EAI-002-actividades/requerimientos/RF-EDU-003-taxonomia-bloom.md,archivo,apps/database/ddl/schemas/educational_content/tables/02-exercises.sql,SI,01-fase-alcance-inicial
01-fase-alcance-inicial/EAI-002-actividades/requerimientos/RF-EDU-003-taxonomia-bloom.md,archivo,apps/database/ddl/schemas/educational_content/enums/bloom_level.sql,NO,01-fase-alcance-inicial
01-fase-alcance-inicial/EAI-002-actividades/requerimientos/RF-EDU-003-taxonomia-bloom.md,archivo,apps/database/ddl/schemas/educational_content/tables/exercises.sql,NO,01-fase-alcance-inicial
01-fase-alcance-inicial/EAI-002-actividades/requerimientos/RF-EDU-003-taxonomia-bloom.md,archivo,apps/database/ddl/schemas/progress_tracking/tables/cognitive_performance.sql,NO,01-fase-alcance-inicial
01-fase-alcance-inicial/EAI-002-actividades/requerimientos/RF-EDU-003-taxonomia-bloom.md,archivo,apps/backend/src/modules/exercises/dto/filter-exercises.dto.ts,NO,01-fase-alcance-inicial
01-fase-alcance-inicial/EAI-002-actividades/requerimientos/RF-EDU-003-taxonomia-bloom.md,archivo,apps/backend/src/modules/analytics/services/cognitive-analytics.service.ts,NO,01-fase-alcance-inicial
01-fase-alcance-inicial/EAI-002-actividades/requerimientos/RF-EDU-003-taxonomia-bloom.md,archivo,apps/backend/src/modules/analytics/controllers/cognitive-analytics.controller.ts,NO,01-fase-alcance-inicial
01-fase-alcance-inicial/EAI-002-actividades/requerimientos/RF-EDU-003-taxonomia-bloom.md,archivo,apps/frontend/src/hooks/useCognitiveProfile.ts,NO,01-fase-alcance-inicial
01-fase-alcance-inicial/EAI-002-actividades/requerimientos/RF-EDU-003-taxonomia-bloom.md,archivo,apps/frontend/src/components/analytics/CognitiveProfile.ts,NO,01-fase-alcance-inicial
01-fase-alcance-inicial/EAI-002-actividades/requerimientos/RF-EDU-003-taxonomia-bloom.md,archivo,apps/backend/src/modules/analytics/services/cognitive-analytics.service.ts,NO,01-fase-alcance-inicial
01-fase-alcance-inicial/EAI-002-actividades/requerimientos/RF-EDU-003-taxonomia-bloom.md,archivo,apps/frontend/src/components/analytics/CognitiveProfile.ts,NO,01-fase-alcance-inicial
01-fase-alcance-inicial/EAI-002-actividades/requerimientos/RF-EDU-003-taxonomia-bloom.md,archivo,apps/database/ddl/00-prerequisites.sql,SI,01-fase-alcance-inicial
01-fase-alcance-inicial/EAI-002-actividades/requerimientos/RF-EDU-003-taxonomia-bloom.md,archivo,apps/database/ddl/schemas/educational_content/tables/02-exercises.sql,SI,01-fase-alcance-inicial
01-fase-alcance-inicial/EAI-002-actividades/requerimientos/RF-EDU-003-taxonomia-bloom.md,archivo,apps/backend/src/modules/analytics/services/cognitive-analytics.service.ts,NO,01-fase-alcance-inicial
01-fase-alcance-inicial/EAI-002-actividades/requerimientos/RF-EDU-003-taxonomia-bloom.md,archivo,apps/frontend/src/components/analytics/CognitiveProfile.tsx,NO,01-fase-alcance-inicial
95-guias-desarrollo/_MAP.md,archivo,apps/backend/src/shared/enums/gamilit-role.enum.ts,NO,95-guias-desarrollo
95-guias-desarrollo/ANALISIS-COHERENCIA-MODELO-LEVEL.md,archivo,apps/backend/src/shared/types/index.ts,SI,95-guias-desarrollo
95-guias-desarrollo/ANALISIS-COHERENCIA-MODELO-LEVEL.md,archivo,apps/backend/src/modules/gamification/dto/leaderboard-entry.dto.ts,NO,95-guias-desarrollo
95-guias-desarrollo/ANALISIS-COHERENCIA-MODELO-LEVEL.md,archivo,apps/frontend/src/pages/teacher/StudentProgressViewer.ts,NO,95-guias-desarrollo
95-guias-desarrollo/ANALISIS-COHERENCIA-MODELO-LEVEL.md,archivo,apps/frontend/src/pages/teacher/ClassroomAnalytics.ts,NO,95-guias-desarrollo
95-guias-desarrollo/ANALISIS-COHERENCIA-MODELO-LEVEL.md,archivo,apps/database/ddl/schemas/gamification_system/functions/process_exercise_completion.sql,SI,95-guias-desarrollo
95-guias-desarrollo/ANALISIS-COHERENCIA-MODELO-LEVEL.md,archivo,apps/database/ddl/schemas/progress_tracking/functions/06-update_mission_progress.sql,SI,95-guias-desarrollo
95-guias-desarrollo/ANALISIS-COHERENCIA-MODELO-LEVEL.md,archivo,apps/database/ddl/schemas/educational_content/functions/get_recommended_missions.sql,SI,95-guias-desarrollo
95-guias-desarrollo/ANALISIS-COHERENCIA-MODELO-LEVEL.md,archivo,apps/database/ddl/schemas/educational_content/functions/calculate_learning_path.sql,SI,95-guias-desarrollo
95-guias-desarrollo/ANALISIS-COHERENCIA-MODELO-LEVEL.md,archivo,apps/database/ddl/schemas/gamification_system/tables/01-user_stats.sql,SI,95-guias-desarrollo
95-guias-desarrollo/ANALISIS-COHERENCIA-MODELO-LEVEL.md,archivo,apps/backend/src/shared/types/index.ts,SI,95-guias-desarrollo
95-guias-desarrollo/ANALISIS-COHERENCIA-MODELO-LEVEL.md,archivo,apps/backend/src/modules/gamification/dto/leaderboard-entry.dto.ts,NO,95-guias-desarrollo
95-guias-desarrollo/ANALISIS-COHERENCIA-MODELO-LEVEL.md,archivo,apps/frontend/src/pages/teacher/StudentProgressViewer.tsx,SI,95-guias-desarrollo
95-guias-desarrollo/ANALISIS-COHERENCIA-MODELO-LEVEL.md,archivo,apps/frontend/src/pages/teacher/ClassroomAnalytics.tsx,SI,95-guias-desarrollo
95-guias-desarrollo/ANALISIS-COHERENCIA-MODELO-LEVEL.md,archivo,apps/database/ddl/schemas/gamification_system/functions/process_exercise_completion.sql,SI,95-guias-desarrollo
95-guias-desarrollo/ANALISIS-COHERENCIA-MODELO-LEVEL.md,archivo,apps/database/ddl/schemas/progress_tracking/functions/06-update_mission_progress.sql,SI,95-guias-desarrollo
95-guias-desarrollo/ANALISIS-COHERENCIA-MODELO-LEVEL.md,archivo,apps/database/ddl/schemas/educational_content/functions/get_recommended_missions.sql,SI,95-guias-desarrollo
95-guias-desarrollo/ANALISIS-COHERENCIA-MODELO-LEVEL.md,archivo,apps/database/ddl/schemas/educational_content/functions/calculate_learning_path.sql,SI,95-guias-desarrollo
95-guias-desarrollo/ANALISIS-COHERENCIA-MODELO-LEVEL.md,archivo,apps/database/ddl/schemas/gamification_system/tables/01-user_stats.sql,SI,95-guias-desarrollo
95-guias-desarrollo/CORRECCION-REPORTE-ALINEACION.md,archivo,apps/database/ddl/00-prerequisites.sql,SI,95-guias-desarrollo
95-guias-desarrollo/VERIFICACION-BUGS-PENDIENTES.md,archivo,apps/database/ddl/schemas/gamification_system/functions/process_exercise_completion.sql,SI,95-guias-desarrollo
95-guias-desarrollo/VERIFICACION-BUGS-PENDIENTES.md,archivo,apps/database/ddl/schemas/gamification_system/functions/process_exercise_completion.sql,SI,95-guias-desarrollo
95-guias-desarrollo/VERIFICACION-BUGS-PENDIENTES.md,archivo,apps/database/ddl/schemas/gamification_system/tables/05-ml_coins_transactions.sql,SI,95-guias-desarrollo
95-guias-desarrollo/VERIFICACION-BUGS-PENDIENTES.md,archivo,apps/database/ddl/schemas/gamilit/functions/14-update_user_stats_on_exercise_complete.sql,SI,95-guias-desarrollo
95-guias-desarrollo/VERIFICACION-BUGS-PENDIENTES.md,archivo,apps/database/ddl/schemas/gamilit/functions/04-initialize_user_stats.sql,SI,95-guias-desarrollo
95-guias-desarrollo/VERIFICACION-BUGS-PENDIENTES.md,archivo,apps/database/ddl/schemas/gamification_system/functions/process_exercise_completion.sql,SI,95-guias-desarrollo
95-guias-desarrollo/VERIFICACION-BUGS-PENDIENTES.md,archivo,apps/database/ddl/schemas/gamification_system/functions/process_exercise_completion.sql,SI,95-guias-desarrollo
95-guias-desarrollo/VALIDACION-CORRECCIONES-LEVEL.md,archivo,apps/database/ddl/schemas/gamification_system/tables/01-user_stats.sql,SI,95-guias-desarrollo
95-guias-desarrollo/VALIDACION-CORRECCIONES-LEVEL.md,archivo,apps/backend/src/shared/types/index.ts,SI,95-guias-desarrollo
95-guias-desarrollo/VALIDACION-CORRECCIONES-LEVEL.md,archivo,apps/backend/src/modules/gamification/dto/leaderboard-entry.dto.ts,NO,95-guias-desarrollo
95-guias-desarrollo/VALIDACION-CORRECCIONES-LEVEL.md,archivo,apps/database/ddl/schemas/gamification_system/functions/process_exercise_completion.sql,SI,95-guias-desarrollo
95-guias-desarrollo/VALIDACION-CORRECCIONES-LEVEL.md,archivo,apps/database/ddl/schemas/progress_tracking/functions/06-update_mission_progress.sql,SI,95-guias-desarrollo
95-guias-desarrollo/VALIDACION-CORRECCIONES-LEVEL.md,archivo,apps/database/ddl/schemas/educational_content/functions/get_recommended_missions.sql,SI,95-guias-desarrollo
95-guias-desarrollo/VALIDACION-CORRECCIONES-LEVEL.md,archivo,apps/database/ddl/schemas/educational_content/functions/calculate_learning_path.sql,SI,95-guias-desarrollo
95-guias-desarrollo/VALIDACION-CORRECCIONES-LEVEL.md,archivo,apps/database/ddl/schemas/gamification_system/tables/01-user_stats.sql,SI,95-guias-desarrollo
95-guias-desarrollo/VALIDACION-CORRECCIONES-LEVEL.md,archivo,apps/backend/src/shared/types/index.ts,SI,95-guias-desarrollo
95-guias-desarrollo/VALIDACION-CORRECCIONES-LEVEL.md,archivo,apps/backend/src/modules/gamification/dto/leaderboard-entry.dto.ts,NO,95-guias-desarrollo
