Schema,Tabla,Frecuencia,Num Documentos
auth_management,profiles,19,19
auth,users,18,18
gamification_system,user_stats,17,17
educational_content,exercises,17,17
FULL,md,15,15
README,md,13,13
this,validateTeacherAccess,10,10
audit_logging,audit_logs,9,9
toast,error,9,9
gamification_system,achievements,8,8
JSON,stringify,8,8
toast,success,8,8
progress_tracking,exercise_attempts,7,7
educational_content,modules,7,7
Math,round,7,7
gamification_system,user_ranks,7,7
gamilit,now_mexico,6,6
social_features,classroom_members,6,6
Math,floor,6,6
social_features,classrooms,5,5
system_configuration,feature_flags,5,5
page,md,5,5
Promise,all,5,5
students,map,5,5
rejects,toThrow,5,5
usersRepository,findOne,5,5
social_features,schools,4,4
cron,schedule,4,4
gamilit,update_user_stats_on_exercise_complete,4,4
redis,get,4,4
auth_management,users,4,4
Math,min,4,4
auth_management,user_sessions,4,4
progress_tracking,module_progress,4,4
app,getHttpServer,4,4
Date,now,4,4
classroomRepository,findOne,4,4
modules,map,4,4
activities,map,4,4
gamification_system,user_achievements,4,4
gamification_system,comodines_inventory,4,4
gamification_system,comodin_type,4,4
apiClient,get,4,4
auth_management,tenants,3,3
service,ts,3,3
gamilit,get_current_user_id,3,3
gamilit,initialize_user_stats,3,3
gamilit,get_current_user_role,3,3
db,query,3,3
gamification_system,notifications,3,3
DOMPurify,sanitize,3,3
e,stopPropagation,3,3
gamification_system,ml_coins_transactions,3,3
system_configuration,system_settings,3,3
progress_tracking,exercise_submissions,3,3
redis,set,3,3
JSON,parse,3,3
expect,objectContaining,3,3
authService,login,3,3
classroomRepository,save,3,3
classroomService,getAssignedModules,3,3
query,andWhere,3,3
this,getStudentModuleProgress,3,3
classroomService,getStudents,3,3
Math,random,3,3
console,error,3,3
auth,uid,3,3
public,update_updated_at_column,3,3
user_stats,ml_coins,3,3
this,getModuleProgress,3,3
options,map,3,3
query,mockResolvedValue,3,3
jest,fn,3,3
exerciseRepo,findOne,3,3
activitiesService,submitAnswer,3,3
ExerciseRepository,findById,3,3
gamification_system,process_exercise_completion,3,3
social_features,team_challenges,2,2
social_features,teams,2,2
social_features,team_members,2,2
social_features,friendships,2,2
public,log_system_event,2,2
public,cleanup_old_user_activity,2,2
public,cleanup_old_system_logs,2,2
audit_logging,user_activity_logs,2,2
gamilit,is_admin,2,2
auth_management,gamilit_role,2,2
redis,setex,2,2
router,get,2,2
router,post,2,2
localStorage,setItem,2,2
jwt,verify,2,2
logger,error,2,2
gamification_system,badges,2,2
socket,on,2,2
rateLimiter,check,2,2
aprendizaje,md,2,2
TRACEABILITY,yml,2,2
Math,abs,2,2
Math,ceil,2,2
DATABASE_INVENTORY,csv,2,2
gamification_system,missions,2,2
context,getHandler,2,2
context,switchToHttp,2,2
auth_management,auth_providers,2,2
searchParams,get,2,2
auth_management,linked_providers,2,2
api,post,2,2
auth_management,verify_user_status,2,2
public,notifications,2,2
auth_management,suspend_user,2,2
auth_management,ban_user,2,2
audit_logging,log_status_change,2,2
auth_management,reactivate_user,2,2
notificationService,send,2,2
api,get,2,2
useAuthStore,getState,2,2
classrooms,map,2,2
averageProgress,toFixed,2,2
Object,assign,2,2
Array,from,2,2
query,getMany,2,2
students,push,2,2
this,getRecentActivities,2,2
students,filter,2,2
gamification_system,achievement_category,2,2
gamification_system,award_achievement_rewards,2,2
achievementService,getGallery,2,2
gamification_system,promote_to_next_rank,2,2
gamification_system,check_and_unlock_achievement,2,2
gamification_system,achievement_type,2,2
gamification_system,rank_history,2,2
achievements,find,2,2
gamification_system,maya_rank,2,2
gamification_system,comodin_usage_log,2,2
comodinService,use,2,2
gamification_system,comodin_usage_tracking,2,2
comodinService,purchase,2,2
user_stats,total_xp,2,2
coinsService,awardCoins,2,2
xpService,awardXP,2,2
modulesRepository,findOne,2,2
usersRepository,increment,2,2
activitiesRepository,findOne,2,2
Test,createTestingModule,2,2
auth,user_roles,2,2
expect,stringContaining,2,2
dataSource,query,2,2
exerciseService,submitAnswer,2,2
educational_content,exercise_mechanic,2,2
educational_content,exercise_templates,2,2
progress_tracking,cognitive_performance,2,2
profile,filter,2,2
cognitiveService,getCognitiveProfile,2,2
exercises,sql,2,2
weak_levels,map,2,2
profile,map,2,2
gamificationService,awardXP,2,2
gamificationService,awardCoins,2,2
AuthService,login,2,2
NEW,level,2,2
gamification_system,leaderboard_xp,2,2
information_schema,columns,2,2
us,current_level,2,2
gamification_system,powerup_usage_log,2,2
gamilit,initialize_user_missions,2,2
gamification_system,powerups,2,2
profiles,school_id,2,2
classrooms,school_id,1,1
schools,id,1,1
classrooms,id,1,1
social_features,cleanup_old_notifications,1,1
admin_dashboard,moderation_queue,1,1
admin_dashboard,recent_admin_actions,1,1
social_features,reported_users,1,1
content_management,flagged_content,1,1
admin_dashboard,organization_stats_summary,1,1
admin_dashboard,user_stats_summary,1,1
AchievementCard,tsx,1,1
gamilit,get_user_tenant_id,1,1
gamilit,update_classroom_member_count,1,1
gamilit,update_user_last_login,1,1
gamilit,update_updated_at_column,1,1
gamilit,validate_email_format,1,1
gamilit,is_teacher,1,1
gamilit,set_profile_defaults,1,1
gamification_system,check_and_award_achievements,1,1
gamilit,some_function,1,1
gamilit,audit_profile_changes,1,1
gamilit,is_super_admin,1,1
gamilit,log_error,1,1
gamification_system,calculate_level_from_xp,1,1
gamilit,validate_username,1,1
auth_management,user_roles,1,1
public,validate_date_range,1,1
public,send_notification,1,1
this,renderNewDashboard,1,1
audit_logging,system_logs,1,1
public,is_feature_enabled,1,1
this,renderLegacyDashboard,1,1
dateValidator,validateDateRange,1,1
featureFlags,isFeatureEnabled,1,1
gamification_system,notification_delivery_queue,1,1
public,update_feature_flag,1,1
content_management,media_files,1,1
this,getBucketName,1,1
educational_content,media_resources,1,1
React,lazy,1,1
submission,answer_data,1,1
exercise,solution,1,1
exercise,content,1,1
exercise,comodines_config,1,1
exercise,config,1,1
user_stats,metadata,1,1
authService,register,1,1
client,query,1,1
res,status,1,1
app,use,1,1
allowedOrigins,includes,1,1
gamification_system,leaderboards,1,1
current_rank,toUpperCase,1,1
Connection,parseE,1,1
crypto,createHash,1,1
sessionService,validateSession,1,1
res,cookie,1,1
localStorage,removeItem,1,1
educational_content,submissions,1,1
pool,query,1,1
localStorage,getItem,1,1
lti_integration,lti_resources,1,1
lti_integration,lti_grade_passback_log,1,1
lti_integration,lti_platforms,1,1
lti_integration,lti_contexts,1,1
lti_integration,lti_launches,1,1
ExerciseService,completeAttempt,1,1
ltiService,getLTIContext,1,1
exerciseService,getAttempt,1,1
this,logGradePassback,1,1
this,getAccessToken,1,1
axios,post,1,1
ltiService,findPlatformByIssuer,1,1
searchParams,set,1,1
authUrl,toString,1,1
cryptoService,generateSecureToken,1,1
auth_management,parent_accounts,1,1
notifications,parent_notifications,1,1
notifications,filter,1,1
socket,disconnect,1,1
notificationTypes,forEach,1,1
type,startsWith,1,1
type,split,1,1
console,log,1,1
notifications,create,1,1
pubClient,duplicate,1,1
socket,join,1,1
priorityQueue,add,1,1
io,on,1,1
notifications,findMany,1,1
io,to,1,1
this,checkDuplicate,1,1
NotificationService,getUnread,1,1
io,adapter,1,1
socket,emit,1,1
io,use,1,1
preferencesService,updatePreferences,1,1
preferencesService,getPreferences,1,1
z,object,1,1
subscription,unsubscribe,1,1
preferencesService,resetToDefaults,1,1
z,boolean,1,1
z,enum,1,1
airflow,operators,1,1
transform,py,1,1
api,py,1,1
risk_predictor,py,1,1
predictor,py,1,1
explainability,py,1,1
extract,py,1,1
recommendation_engine,py,1,1
completion_projector,py,1,1
score_forecaster,py,1,1
load,py,1,1
Mammoth,js,1,1
PDF,js,1,1
social_features,peer_challenges,1,1
social_features,challenge_attempts,1,1
ProgressChart,tsx,1,1
TeacherNotes,tsx,1,1
GradingInterface,tsx,1,1
ClassroomList,tsx,1,1
social_features,classroom_enrollments,1,1
educational_content,assignment_submissions,1,1
educational_content,assignments,1,1
ReportGenerator,tsx,1,1
GradingQueue,tsx,1,1
AssignmentCreator,tsx,1,1
progress_tracking,teacher_notes,1,1
ClassroomDetail,tsx,1,1
EngagementMetrics,tsx,1,1
StudentEnrollment,tsx,1,1
ClassroomAnalytics,tsx,1,1
assignments,teacher_id,1,1
public,assignment_students,1,1
assignment_exercises,exercise_id,1,1
public,assignment_exercises,1,1
assignment_submissions,student_id,1,1
assignment_students,student_id,1,1
assignment_classrooms,classroom_id,1,1
assignment_submissions,graded_by,1,1
public,teacher_notes,1,1
public,assignment_classrooms,1,1
public,assignments,1,1
public,assignment_submissions,1,1
now,getTime,1,1
submittedAt,getTime,1,1
system_configuration,tenant_branding,1,1
INSTALACION,md,1,1
TABLAS,md,1,1
SEED,md,1,1
HISTORICO,md,1,1
teacher_module,assignment_exercises,1,1
teacher_module,assignment_classrooms,1,1
teacher_module,assignments,1,1
teacher_module,classroom_students,1,1
teacher_module,assignment_students,1,1
teacher_module,classrooms,1,1
teacher_module,assignment_submissions,1,1
information_schema,triggers,1,1
information_schema,routines,1,1
information_schema,schemata,1,1
information_schema,tables,1,1
system_configuration,notification_settings,1,1
context,getClass,1,1
progress_tracking,learning_sessions,1,1
requiredRoles,some,1,1
guard,canActivate,1,1
allowedRoles,includes,1,1
redis,del,1,1
email,includes,1,1
metricsService,increment,1,1
authService,findOrCreateOAuthUser,1,1
res,redirect,1,1
authService,generateJWT,1,1
authService,createOAuthUser,1,1
fs,readFileSync,1,1
authService,findUserByProvider,1,1
response,json,1,1
client,getSigningKey,1,1
profileRepo,findOne,1,1
profileRepo,query,1,1
NEW,status,1,1
path,startsWith,1,1
exemptPaths,some,1,1
NEW,user_id,1,1
auth_management,on_email_verified,1,1
auth_management,blocked_emails,1,1
public,auth_provider,1,1
auth,validate_oauth_token,1,1
auth,get_available_providers,1,1
allowedRedirects,includes,1,1
profiles,status,1,1
allowedPaths,includes,1,1
auth_management,user_status,1,1
env,example,1,1
package,json,1,1
app,get,1,1
exception,getResponse,1,1
exception,getStatus,1,1
host,switchToHttp,1,1
app,useGlobalFilters,1,1
usersService,update,1,1
app,listen,1,1
SwaggerModule,createDocument,1,1
requiredRoles,includes,1,1
app,useGlobalGuards,1,1
NestFactory,create,1,1
usersService,findAll,1,1
app,setGlobalPrefix,1,1
response,status,1,1
ctx,getResponse,1,1
app,useGlobalPipes,1,1
super,canActivate,1,1
SwaggerModule,setup,1,1
ctx,getRequest,1,1
ctx,switchToHttp,1,1
name,replace,1,1
pathname,split,1,1
pathnames,slice,1,1
pathnames,map,1,1
window,scrollTo,1,1
expiresAt,getDate,1,1
this,validateRefreshToken,1,1
authService,refreshTokens,1,1
request,use,1,1
axios,create,1,1
authService,logout,1,1
authService,getCurrentUser,1,1
this,generateRefreshToken,1,1
response,use,1,1
this,revokeRefreshToken,1,1
refreshTokensRepository,save,1,1
expiresAt,setDate,1,1
window,removeEventListener,1,1
window,addEventListener,1,1
this,generateAccessToken,1,1
jwtService,sign,1,1
Promise,reject,1,1
LoginForm,tsx,1,1
RegisterForm,tsx,1,1
ForgotPasswordForm,tsx,1,1
ResetPasswordForm,tsx,1,1
teacherService,getDashboard,1,1
this,getClassroomsSummary,1,1
classrooms,reduce,1,1
this,getRecentActivitiesAcrossClassrooms,1,1
classroomService,removeClassroom,1,1
classroomService,findAllByTeacher,1,1
classroomRepository,count,1,1
classroomService,updateClassroom,1,1
classroomService,findOneByTeacher,1,1
entities,map,1,1
this,findOneByTeacher,1,1
classroomRepository,create,1,1
classroomRepository,remove,1,1
classroomService,createClassroom,1,1
moduleService,getCatalog,1,1
query,where,1,1
this,getStudentsInClassroom,1,1
modules,some,1,1
classroomService,removeModule,1,1
moduleRepository,createQueryBuilder,1,1
this,getModuleStats,1,1
modules,push,1,1
moduleRepository,findOne,1,1
modules,filter,1,1
classroomService,assignModule,1,1
groupService,getGroups,1,1
studentIds,filter,1,1
studentRepository,findByIds,1,1
groupService,assignStudents,1,1
groupService,updateGroup,1,1
groupRepository,create,1,1
groupRepository,findOne,1,1
groupService,deleteGroup,1,1
studentsToAdd,filter,1,1
groupRepository,save,1,1
groupService,createGroup,1,1
this,getRandomColor,1,1
validStudentIds,includes,1,1
existingIds,includes,1,1
groupRepository,find,1,1
students,slice,1,1
groups,map,1,1
classroomStudents,map,1,1
groupService,removeStudentFromGroup,1,1
settingsRepository,save,1,1
classroomService,updateSettings,1,1
classroomService,getSettings,1,1
settingsRepository,create,1,1
this,getModulesInProgress,1,1
this,getActiveStudentsToday,1,1
this,getModuleAverageProgress,1,1
teacherApi,getClassroomActivity,1,1
this,getStudentCount,1,1
classroomService,getActivitySummary,1,1
this,getDefaultAvatar,1,1
this,generateTemporaryPassword,1,1
studentRepository,create,1,1
query,getOne,1,1
studentRepository,save,1,1
classroomService,removeStudentFromClassroom,1,1
students,some,1,1
name,split,1,1
classroomService,addStudentToClassroom,1,1
classroomService,createAndAddStudent,1,1
userRepository,findOne,1,1
bcrypt,hash,1,1
this,addStudentToClassroom,1,1
studentService,searchStudents,1,1
name,toLowerCase,1,1
studentRepository,findOne,1,1
clipboard,writeText,1,1
classroomService,getClassroomStudents,1,1
userRepository,save,1,1
this,generateUsername,1,1
example,com,1,1
userRepository,create,1,1
results,push,1,1
unlocked,map,1,1
AchievementService,checkAchievements,1,1
achievementService,findAllActive,1,1
this,getUserAchievements,1,1
rarity,toUpperCase,1,1
gamification_system,fn_achievement_unlocked_notification,1,1
achievementRepo,save,1,1
this,buildGallery,1,1
achievementService,checkMultipleAchievements,1,1
achievementRepo,create,1,1
achievementService,createAchievement,1,1
achievementRepo,findOne,1,1
achievementService,hasAchievement,1,1
unlockedPercentage,toFixed,1,1
this,checkAndUnlock,1,1
achievementRepo,query,1,1
achievementService,getProgress,1,1
gamification_system,fn_check_rank_promotion,1,1
this,hasAchievement,1,1
achievementRepo,count,1,1
achievementService,checkAndUnlock,1,1
userAchievementRepo,findOne,1,1
userAchievementRepo,find,1,1
locked,map,1,1
newRank,toUpperCase,1,1
achievementRepo,find,1,1
achievementService,getUserAchievements,1,1
rankService,getRankDistribution,1,1
rankHistoryRepo,find,1,1
gamification_system,get_rank_benefits,1,1
rankService,getRankBenefits,1,1
rankApi,getMyProgress,1,1
xp_at_promotion,toLocaleString,1,1
gamification_system,fn_check_rank_promotion_trigger,1,1
result,forEach,1,1
history,map,1,1
rankApi,getMyHistory,1,1
rankService,getRankHistory,1,1
userStatsRepo,query,1,1
userStatsRepo,findOne,1,1
current_xp,toLocaleString,1,1
this,getCurrentRank,1,1
rankService,getRankProgress,1,1
this,getXPMultiplier,1,1
RANK_ORDER,indexOf,1,1
this,getRankBenefits,1,1
rankService,getCurrentRank,1,1
gamification_system,check_rank_promotion,1,1
gamification_system,get_rank_multiplier,1,1
notifications,find,1,1
ComodinService,purchaseComodin,1,1
ComodinService,useComodin,1,1
comodinInventoryRepo,findOne,1,1
this,generateHint,1,1
comodinService,getInventory,1,1
gamification_system,purchase_comodin,1,1
comodinService,getUserStats,1,1
gamification_system,use_comodin,1,1
gamification_system,get_comodin_inventory,1,1
inventory,map,1,1
this,generateReadingVision,1,1
result,map,1,1
comodinInventoryRepo,query,1,1
rankOrder,indexOf,1,1
user_stats,current_rank,1,1
not,toBe,1,1
contentService,findOne,1,1
streakService,updateStreaks,1,1
module_progress,status,1,1
comodin_usage_tracking,vision_lectora_used,1,1
exerciseService,findOne,1,1
this,getUsageInExercise,1,1
this,applyEffect,1,1
this,decrementInventory,1,1
this,getInventory,1,1
db,transaction,1,1
comodin_usage_tracking,pistas_used,1,1
this,logUsage,1,1
moduleProgressRepository,find,1,1
messages,map,1,1
this,getMessage,1,1
narrativeService,getMessage,1,1
messages,sort,1,1
messages,push,1,1
narrativeMessagesRepository,findOne,1,1
moduleCompletionRepository,find,1,1
moduleCompletionRepository,save,1,1
ModuleCompletionModal,tsx,1,1
badgesService,awardBadge,1,1
badgesService,checkAndAwardBadges,1,1
completedModules,map,1,1
moduleCompletionRepository,findOne,1,1
completions,map,1,1
coinTransactionsRepository,save,1,1
coins,toLocaleString,1,1
this,awardCoins,1,1
streakService,getCurrentStreak,1,1
allBadges,map,1,1
userBadges,find,1,1
badges,map,1,1
userBadgesRepository,find,1,1
userBadges,map,1,1
this,awardBadge,1,1
badgesRepository,findOne,1,1
this,meetsCriteria,1,1
moduleProgressRepository,count,1,1
userBadgesRepository,save,1,1
newlyEarnedBadges,push,1,1
earnedBadgeIds,includes,1,1
badgesRepository,find,1,1
this,getHint,1,1
helps,map,1,1
removedOptions,includes,1,1
helpUsageRepository,findOne,1,1
helps,find,1,1
this,getOptionsToRemove,1,1
helpUsageRepository,save,1,1
coinsService,spendCoins,1,1
window,confirm,1,1
incorrectOptions,map,1,1
activitiesService,useHelp,1,1
xp,toLocaleString,1,1
topUsers,map,1,1
this,getUserPosition,1,1
topUsers,find,1,1
usersRepository,find,1,1
this,getGlobalLeaderboard,1,1
leaderboardService,getLeaderboard,1,1
this,calculateRank,1,1
usersRepository,save,1,1
RANK_THRESHOLDS,find,1,1
this,calculateLevel,1,1
totalXP,toLocaleString,1,1
RANK_THRESHOLDS,reverse,1,1
rankHistoryRepository,save,1,1
xpTransactionsRepository,find,1,1
rankService,updateUserRank,1,1
xpTransactionsRepository,save,1,1
queryClient,invalidateQueries,1,1
progressRepo,findOne,1,1
progress_tracking,placement_test_results,1,1
progress_tracking,user_current_level,1,1
apiClient,post,1,1
educational_content,placement_tests,1,1
testRepo,findOne,1,1
service,checkPromotionEligibility,1,1
service,promoteUser,1,1
progressService,getUserProgressByLevel,1,1
progressService,getUserProgress,1,1
educational_content,difficulty_criteria,1,1
promoteMutation,mutate,1,1
progress_tracking,difficulty_level_stats,1,1
progress_tracking,user_difficulty_progress,1,1
progressService,getLevelStatistics,1,1
progressService,promoteUser,1,1
resultRepo,save,1,1
find,mockResolvedValue,1,1
progressRepo,find,1,1
progress_tracking,update_difficulty_progress,1,1
this,checkPromotionEligibility,1,1
progress_tracking,check_difficulty_promotion_eligibility,1,1
progress_tracking,promote_user_difficulty_level,1,1
Object,entries,1,1
answers,filter,1,1
resultRepo,findOne,1,1
progress,map,1,1
resultRepo,create,1,1
this,determineLevelFromScore,1,1
DIFFICULTY_ORDER,indexOf,1,1
progressRepo,createQueryBuilder,1,1
submitTestMutation,mutate,1,1
service,getUserProgress,1,1
exerciseService,getExercise,1,1
id,toUpperCase,1,1
educational_content,lessons,1,1
educational_content,validate_exercise_structure,1,1
validator,validate,1,1
eventEmitter,emit,1,1
this,getRankMultiplier,1,1
this,normalize,1,1
userPairs,find,1,1
acceptableAnswers,includes,1,1
ExerciseValidatorFactory,create,1,1
text,toLowerCase,1,1
this,getUserRank,1,1
exerciseService,getHint,1,1
this,updateUserStats,1,1
this,checkAccess,1,1
this,recordAttempt,1,1
BLOOM_OPTIONS,map,1,1
profile,every,1,1
cognitiveService,getRecommendedExercises,1,1
weakLevels,map,1,1
cognitiveAnalyticsService,updateCognitivePerformance,1,1
this,calculateCategoryRate,1,1
achievements,sql,1,1
educational_content,cognitive_level_distribution,1,1
progress_tracking,get_cognitive_profile,1,1
service,getCognitiveProfile,1,1
selected,filter,1,1
selected,includes,1,1
progress_tracking,get_weak_cognitive_levels,1,1
query,mockResolvedValueOnce,1,1
profile,find,1,1
unlockedAchievements,push,1,1
this,getWeakCognitiveLevels,1,1
categoryLevels,reduce,1,1
cognitiveService,checkCognitiveAchievements,1,1
progress_tracking,update_cognitive_performance,1,1
jest,spyOn,1,1
service,checkCognitiveAchievements,1,1
service,getWeakCognitiveLevels,1,1
cognitiveService,getWeakCognitiveLevels,1,1
this,getCognitiveProfile,1,1
educational_content,difficulty_parameters,1,1
educational_content,difficulty_level,1,1
this,validateAnswer,1,1
educational_content,cognitive_level,1,1
cognitiveRepo,findOne,1,1
hots,reduce,1,1
cognitiveRepo,find,1,1
lots,reduce,1,1
this,calculateHOTSRate,1,1
this,calculateLOTSRate,1,1
this,getStatusLabel,1,1
cognitiveRepo,save,1,1
pairs,map,1,1
pairs,some,1,1
rightColumn,map,1,1
pairs,filter,1,1
leftColumn,find,1,1
leftColumn,map,1,1
correctPairs,every,1,1
rightColumn,find,1,1
MultipleChoiceActivity,tsx,1,1
activitiesService,ts,1,1
this,getCorrectAnswer,1,1
options,find,1,1
ActivitiesService,submitAnswer,1,1
this,validateMultipleChoice,1,1
attemptsRepository,save,1,1
this,getActivity,1,1
ActivitiesService,getActivity,1,1
blanks,every,1,1
FillBlankActivity,tsx,1,1
text,split,1,1
parts,map,1,1
accepted,toLowerCase,1,1
acceptedAnswers,some,1,1
moduleProgressRepository,save,1,1
completedActivityIds,has,1,1
modulesService,completeModule,1,1
attemptsRepository,find,1,1
completedAttempts,map,1,1
gamificationService,awardBadge,1,1
activitiesRepository,find,1,1
Object,keys,1,1
dropZones,map,1,1
correctItemIds,includes,1,1
draggableItems,every,1,1
dropZones,find,1,1
items,map,1,1
items,findIndex,1,1
TrueFalseActivity,tsx,1,1
analyticsService,getStudentProfile,1,1
this,calculateModuleProgress,1,1
teacherAnalyticsApi,getStudentProfile,1,1
this,getStudentRecentActivities,1,1
this,validateTeacherAccessToStudent,1,1
this,getStudentBasicProfile,1,1
this,getModuleStatus,1,1
assignedModules,map,1,1
this,getStudentTimeMetrics,1,1
this,getStudentLastActivityDate,1,1
this,countModulesIncomplete,1,1
analyzedStudents,filter,1,1
this,calculateRiskSummary,1,1
filteredStudents,sort,1,1
this,analyzeStudentRisk,1,1
this,calculateClassAverageProgress,1,1
analyticsService,getAtRiskStudents,1,1
this,getStudentProgress,1,1
this,countModulesNotStarted,1,1
this,calculateRiskLevel,1,1
this,getStudentLastActivity,1,1
order,toUpperCase,1,1
teacherAnalyticsApi,getStudents,1,1
queryBuilder,orderBy,1,1
student,name,1,1
StudentListTable,tsx,1,1
queryBuilder,skip,1,1
this,mapSortField,1,1
this,mapStudentToDto,1,1
queryBuilder,getManyAndCount,1,1
analyticsService,getClassroomStudents,1,1
queryBuilder,where,1,1
contentDisposition,split,1,1
res,setHeader,1,1
csvLines,push,1,1
URL,createObjectURL,1,1
a,remove,1,1
this,getProgressReport,1,1
this,calculateModuleProgressStats,1,1
body,appendChild,1,1
moduleName,localeCompare,1,1
URL,revokeObjectURL,1,1
csvLines,join,1,1
overallProgress,toFixed,1,1
moduleProgress,sort,1,1
headers,get,1,1
res,send,1,1
document,createElement,1,1
analyticsService,getProgressReport,1,1
a,click,1,1
analyticsService,exportProgressReportCSV,1,1
this,generateFilename,1,1
moduleProgress,forEach,1,1
classroomService,findById,1,1
this,calculateSummary,1,1
response,blob,1,1
this,calculateDateRange,1,1
analyticsService,getActivityFeed,1,1
this,getActivityStats,1,1
this,getActivityByDay,1,1
this,mapActivityLog,1,1
this,getLevelDistribution,1,1
this,getModuleCompletion,1,1
teacherAnalyticsApi,getDashboard,1,1
this,calculateClassMetrics,1,1
analyticsService,getClassroomDashboard,1,1
ClassroomDashboard,tsx,1,1
public,comodin_type,1,1
auth_management,password_resets,1,1
GUIDE,md,1,1
PascalCase,md,1,1
GamificationService,awardMLCoins,1,1
SubmissionService,submitExercise,1,1
ScoreService,calculateScore,1,1
ClassroomsService,findAll,1,1
auth_management,security_logs,1,1
ModulesService,findAll,1,1
AuthService,getCurrentUser,1,1
OrganizationsService,findOne,1,1
ClassroomsService,delete,1,1
RanksService,promoteRank,1,1
SystemService,getHealth,1,1
AttemptsService,findAll,1,1
SubmissionsRepository,save,1,1
MLCoinsService,awardCoins,1,1
RanksService,checkPromotion,1,1
FriendshipsService,acceptRequest,1,1
GamificationService,initializeUser,1,1
RanksService,getRankProgress,1,1
ProgressService,getModuleProgress,1,1
AttemptsService,findOne,1,1
TeacherService,getClassrooms,1,1
LeaderboardService,getByClassroom,1,1
AnalyticsService,getOverview,1,1
TeamsService,findOne,1,1
FriendshipsService,findAll,1,1
ExercisesService,create,1,1
PasswordService,changePassword,1,1
TeacherService,getStudentProgress,1,1
SubmissionsService,findAll,1,1
TeamsService,findAll,1,1
auth_management,refresh_tokens,1,1
SchoolsService,delete,1,1
SessionService,getUserSessions,1,1
ModulesService,delete,1,1
ValidationService,validateAnswer,1,1
ModulesService,findOne,1,1
ModulesService,create,1,1
MLCoinsService,deductCoins,1,1
ExercisesService,submitAnswer,1,1
MLCoinsService,getBalance,1,1
UsersService,findOne,1,1
UsersService,findAll,1,1
MembersService,findAll,1,1
ModulesService,getLessons,1,1
AchievementsService,getAll,1,1
SchoolsService,findOne,1,1
AchievementsService,getProgress,1,1
ExercisesService,validateAnswer,1,1
SchoolsService,create,1,1
LeaderboardService,getFriends,1,1
ExercisesService,findAll,1,1
SubmissionsService,submitExercise,1,1
AuthService,logout,1,1
ExercisesService,findOne,1,1
RanksService,getUserRank,1,1
FriendshipsService,sendRequest,1,1
AuthService,refreshToken,1,1
SchoolsService,findAll,1,1
ProgressService,getAllModules,1,1
ClassroomsService,findOne,1,1
ClassroomsService,update,1,1
SchoolsService,update,1,1
MLCoinsService,purchaseItem,1,1
gamification_system,ml_coins_wallets,1,1
ProgressService,updateProgress,1,1
AchievementsService,checkProgress,1,1
AchievementsService,getUserAchievements,1,1
AuthService,register,1,1
auth_management,sessions,1,1
PasswordService,resetPassword,1,1
AchievementsService,unlockAchievement,1,1
TeamsService,create,1,1
SessionService,revokeSession,1,1
SystemService,getStats,1,1
AttemptsService,recordAttempt,1,1
NotificationsService,send,1,1
UsersService,suspend,1,1
MLCoinsService,getTransactionHistory,1,1
NotificationsService,sendNotification,1,1
OrganizationsService,findAll,1,1
LeaderboardService,getUserPosition,1,1
ExercisesService,update,1,1
TeamMembersService,addMember,1,1
AchievementsService,getRecent,1,1
AttemptsService,getExerciseAttempts,1,1
RanksService,getAllRanks,1,1
MembersService,addMember,1,1
SubmissionsService,findOne,1,1
SessionService,revokeAllSessions,1,1
LeaderboardService,getGlobal,1,1
MembersService,removeMember,1,1
ExercisesService,getHints,1,1
SessionService,create,1,1
ModulesService,update,1,1
auth_management,password_reset_tokens,1,1
RanksService,getRankRequirements,1,1
ScoringService,calculateScore,1,1
MLCoinsService,getTransactions,1,1
ClassroomsService,create,1,1
PasswordService,forgotPassword,1,1
GradingService,getPending,1,1
BACKEND,md,1,1
HANDLING,md,1,1
MANAGEMENT,md,1,1
INTEGRATION,md,1,1
UI,md,1,1
CONVENTIONS,md,1,1
_MAP,md,1,1
SHARED,md,1,1
DESARROLLO,md,1,1
FRONTEND,md,1,1
MODULOS,md,1,1
FEATURES,md,1,1
user_stats,level,1,1
educational_content,get_recommended_missions,1,1
progress_tracking,grant_mission_completion_rewards,1,1
educational_content,calculate_learning_path,1,1
comodines_inventory,sql,1,1
gamification_system,calculate_study_streaks,1,1
gamification_system,reset_inactive_streaks,1,1
process_exercise_completion,sql,1,1
gamification_system,recalculate_level_on_xp_change,1,1
us,level,1,1
gamification_system,mv_global_leaderboard,1,1
config,ts,1,1
loginSchema,validate,1,1
not,toHaveBeenCalled,1,1
config,js,1,1
vi,fn,1,1
vi,mocked,1,1
vi,mock,1,1
user,click,1,1
userEvent,setup,1,1
authStore,login,1,1
client,get,1,1
screen,getByText,1,1
vi,clearAllMocks,1,1
repo,findById,1,1
path,resolve,1,1
pool,end,1,1
screen,getByRole,1,1
findByEmail,mockResolvedValue,1,1
screen,getByPlaceholderText,1,1
useAuthStore,setState,1,1
vi,importActual,1,1
jest,mock,1,1
