Module,Original_Endpoints,Current_Endpoints,Completeness_%,Status,Critical_Gaps
Auth,13,9,70%,Partial,Session management gaps
Educational,23,18,78%,Implemented,Analytics endpoints
Gamification,43,35,81%,Implemented,Achievement progress tracking
Teacher,28,0,0%,MISSING,All 28 endpoints missing
Admin,25,15,60%,Partial,System endpoints missing
Social,14,8,57%,Partial,Guild challenges
Notifications,8,6,75%,Partial,WebSocket realtime
Progress,10,10,100%,Complete,None
Health,5,2,40%,Partial,System health checks
Migrations,N/A,0,0%,MISSING,All database migrations
TOTAL,200,150,75%,78/100,Teacher Module + Admin System
