obj_id,layer,module,type,name,path
OBJ-DB-AUTH-ENUM-AAL-LEVEL,DB,AUTH,enum,aal_level,/home/isem/workspace/workspace-gamilit/gamilit/projects/gamilit/apps/database/ddl/schemas/auth/enums/aal_level.sql
OBJ-DB-AUTH-ENUM-CODE-CHALLENGE-METHOD,DB,AUTH,enum,code_challenge_method,/home/isem/workspace/workspace-gamilit/gamilit/projects/gamilit/apps/database/ddl/schemas/auth/enums/code_challenge_method.sql
OBJ-DB-AUTH-IDX-USERS,DB,AUTH,index,users,/home/isem/workspace/workspace-gamilit/gamilit/projects/gamilit/apps/database/ddl/schemas/auth/tables/01-users.sql
OBJ-DB-AUTH-FN-ASSIGN-ROLE-TO-USER,DB,AUTH,function,assign_role_to_user,/home/isem/workspace/workspace-gamilit/gamilit/projects/gamilit/apps/database/ddl/schemas/auth_management/functions/01-assign_role_to_user.sql
OBJ-DB-AUTH-FN-GET-USER-ROLE,DB,AUTH,function,get_user_role,/home/isem/workspace/workspace-gamilit/gamilit/projects/gamilit/apps/database/ddl/schemas/auth_management/functions/02-get_user_role.sql
OBJ-DB-AUTH-FN-USER-HAS-PERMISSION,DB,AUTH,function,user_has_permission,/home/isem/workspace/workspace-gamilit/gamilit/projects/gamilit/apps/database/ddl/schemas/auth_management/functions/03-verify_user_permission.sql
OBJ-DB-AUTH-FN-REVOKE-ROLE-FROM-USER,DB,AUTH,function,revoke_role_from_user,/home/isem/workspace/workspace-gamilit/gamilit/projects/gamilit/apps/database/ddl/schemas/auth_management/functions/04-remove_role_from_user.sql
OBJ-DB-AUTH-FN-HASH-TOKEN,DB,AUTH,function,hash_token,/home/isem/workspace/workspace-gamilit/gamilit/projects/gamilit/apps/database/ddl/schemas/auth_management/functions/05-hash_token.sql
OBJ-DB-AUTH-FN-UPDATE-USER-PREFERENCES,DB,AUTH,function,update_user_preferences,/home/isem/workspace/workspace-gamilit/gamilit/projects/gamilit/apps/database/ddl/schemas/auth_management/functions/06-update_user_preferences.sql
OBJ-DB-AUTH-IDX-IDX-USER-PREFERENCES-THEME,DB,AUTH,index,idx_user_preferences_theme,/home/isem/workspace/workspace-gamilit/gamilit/projects/gamilit/apps/database/ddl/schemas/auth_management/indexes/01-idx_user_preferences_theme.sql
OBJ-DB-AUTH-IDX-IDX-USER-ROLES-PERMISSIONS-GIN,DB,AUTH,index,idx_user_roles_permissions_gin,/home/isem/workspace/workspace-gamilit/gamilit/projects/gamilit/apps/database/ddl/schemas/auth_management/indexes/02-idx_user_roles_permissions_gin.sql
OBJ-DB-AUTH-UNKN-01-POLICIES,DB,AUTH,unknown,01-policies,/home/isem/workspace/workspace-gamilit/gamilit/projects/gamilit/apps/database/ddl/schemas/auth_management/rls-policies/01-policies.sql
OBJ-DB-AUTH-TRG-TENANTS,DB,AUTH,trigger,tenants,/home/isem/workspace/workspace-gamilit/gamilit/projects/gamilit/apps/database/ddl/schemas/auth_management/tables/01-tenants.sql
OBJ-DB-AUTH-IDX-AUTH-ATTEMPTS,DB,AUTH,index,auth_attempts,/home/isem/workspace/workspace-gamilit/gamilit/projects/gamilit/apps/database/ddl/schemas/auth_management/tables/02-auth_attempts.sql
OBJ-DB-AUTH-TRG-PROFILES,DB,AUTH,trigger,profiles,/home/isem/workspace/workspace-gamilit/gamilit/projects/gamilit/apps/database/ddl/schemas/auth_management/tables/03-profiles.sql
OBJ-DB-AUTH-TRG-USER-ROLES,DB,AUTH,trigger,user_roles,/home/isem/workspace/workspace-gamilit/gamilit/projects/gamilit/apps/database/ddl/schemas/auth_management/tables/04-roles.sql
OBJ-DB-AUTH-TRG-AUTH-PROVIDERS,DB,AUTH,trigger,auth_providers,/home/isem/workspace/workspace-gamilit/gamilit/projects/gamilit/apps/database/ddl/schemas/auth_management/tables/05-auth_providers.sql
OBJ-DB-AUTH-IDX-EMAIL-VERIFICATION-TOKENS,DB,AUTH,index,email_verification_tokens,/home/isem/workspace/workspace-gamilit/gamilit/projects/gamilit/apps/database/ddl/schemas/auth_management/tables/06-email_verification_tokens.sql
OBJ-DB-AUTH-IDX-PASSWORD-RESET-TOKENS,DB,AUTH,index,password_reset_tokens,/home/isem/workspace/workspace-gamilit/gamilit/projects/gamilit/apps/database/ddl/schemas/auth_management/tables/07-password_reset_tokens.sql
OBJ-DB-AUTH-IDX-SECURITY-EVENTS,DB,AUTH,index,security_events,/home/isem/workspace/workspace-gamilit/gamilit/projects/gamilit/apps/database/ddl/schemas/auth_management/tables/08-security_events.sql
OBJ-DB-AUTH-TRG-USER-PREFERENCES,DB,AUTH,trigger,user_preferences,/home/isem/workspace/workspace-gamilit/gamilit/projects/gamilit/apps/database/ddl/schemas/auth_management/tables/09-user_preferences.sql
OBJ-DB-AUTH-TRG-MEMBERSHIPS,DB,AUTH,trigger,memberships,/home/isem/workspace/workspace-gamilit/gamilit/projects/gamilit/apps/database/ddl/schemas/auth_management/tables/10-memberships.sql
OBJ-DB-AUTH-IDX-USER-SESSIONS,DB,AUTH,index,user_sessions,/home/isem/workspace/workspace-gamilit/gamilit/projects/gamilit/apps/database/ddl/schemas/auth_management/tables/11-user_sessions.sql
OBJ-DB-AUTH-IDX-FOR,DB,AUTH,index,for,/home/isem/workspace/workspace-gamilit/gamilit/projects/gamilit/apps/database/ddl/schemas/auth_management/tables/12-user_suspensions.sql
OBJ-DB-AUTH-TRG-TRG-MEMBERSHIPS-UPDATED-AT,DB,AUTH,trigger,trg_memberships_updated_at,/home/isem/workspace/workspace-gamilit/gamilit/projects/gamilit/apps/database/ddl/schemas/auth_management/triggers/02-trg_memberships_updated_at.sql
OBJ-DB-AUTH-TRG-TRG-AUDIT-PROFILE-CHANGES,DB,AUTH,trigger,trg_audit_profile_changes,/home/isem/workspace/workspace-gamilit/gamilit/projects/gamilit/apps/database/ddl/schemas/auth_management/triggers/03-trg_audit_profile_changes.sql
OBJ-DB-AUTH-TRG-TRG-INITIALIZE-USER-STATS,DB,AUTH,trigger,trg_initialize_user_stats,/home/isem/workspace/workspace-gamilit/gamilit/projects/gamilit/apps/database/ddl/schemas/auth_management/triggers/04-trg_initialize_user_stats.sql
OBJ-DB-AUTH-TRG-TRG-PROFILES-UPDATED-AT,DB,AUTH,trigger,trg_profiles_updated_at,/home/isem/workspace/workspace-gamilit/gamilit/projects/gamilit/apps/database/ddl/schemas/auth_management/triggers/05-trg_profiles_updated_at.sql
OBJ-DB-AUTH-TRG-TRG-TENANTS-UPDATED-AT,DB,AUTH,trigger,trg_tenants_updated_at,/home/isem/workspace/workspace-gamilit/gamilit/projects/gamilit/apps/database/ddl/schemas/auth_management/triggers/06-trg_tenants_updated_at.sql
OBJ-DB-AUTH-TRG-TRG-USER-ROLES-UPDATED-AT,DB,AUTH,trigger,trg_user_roles_updated_at,/home/isem/workspace/workspace-gamilit/gamilit/projects/gamilit/apps/database/ddl/schemas/auth_management/triggers/07-trg_user_roles_updated_at.sql
OBJ-BE-AUTH-CTRL-AUTH-CONTROLLER,BE,AUTH,controller,auth.controller,auth/controllers/auth.controller.ts
OBJ-BE-AUTH-CTRL-PASSWORD-CONTROLLER,BE,AUTH,controller,password.controller,auth/controllers/password.controller.ts
OBJ-BE-AUTH-SVC-AUTH-SERVICE,BE,AUTH,service,auth.service,auth/services/auth.service.ts
OBJ-BE-AUTH-SVC-EMAIL-VERIFICATION-SERVICE,BE,AUTH,service,email-verification.service,auth/services/email-verification.service.ts
OBJ-BE-AUTH-SVC-PASSWORD-RECOVERY-SERVICE,BE,AUTH,service,password-recovery.service,auth/services/password-recovery.service.ts
OBJ-BE-AUTH-SVC-SECURITY-SERVICE,BE,AUTH,service,security.service,auth/services/security.service.ts
OBJ-BE-AUTH-SVC-SESSION-MANAGEMENT-SERVICE,BE,AUTH,service,session-management.service,auth/services/session-management.service.ts
OBJ-BE-AUTH-ENT-AUTH-ATTEMPT-ENTITY,BE,AUTH,entity,auth-attempt.entity,auth/entities/auth-attempt.entity.ts
OBJ-BE-AUTH-ENT-AUTH-PROVIDER-ENTITY,BE,AUTH,entity,auth-provider.entity,auth/entities/auth-provider.entity.ts
OBJ-BE-AUTH-ENT-EMAIL-VERIFICATION-TOKEN-ENTITY,BE,AUTH,entity,email-verification-token.entity,auth/entities/email-verification-token.entity.ts
OBJ-BE-AUTH-ENT-MEMBERSHIP-ENTITY,BE,AUTH,entity,membership.entity,auth/entities/membership.entity.ts
OBJ-BE-AUTH-ENT-PASSWORD-RESET-TOKEN-ENTITY,BE,AUTH,entity,password-reset-token.entity,auth/entities/password-reset-token.entity.ts
OBJ-BE-AUTH-ENT-PROFILE-ENTITY,BE,AUTH,entity,profile.entity,auth/entities/profile.entity.ts
OBJ-BE-AUTH-ENT-TENANT-ENTITY,BE,AUTH,entity,tenant.entity,auth/entities/tenant.entity.ts
OBJ-BE-AUTH-ENT-USER-ROLE-ENTITY,BE,AUTH,entity,user-role.entity,auth/entities/user-role.entity.ts
OBJ-BE-AUTH-ENT-USER-SESSION-ENTITY,BE,AUTH,entity,user-session.entity,auth/entities/user-session.entity.ts
OBJ-BE-AUTH-ENT-USER-ENTITY,BE,AUTH,entity,user.entity,auth/entities/user.entity.ts
OBJ-DB-GAM-ENUM-MAYA-RANK,DB,GAM,enum,maya_rank,/home/isem/workspace/workspace-gamilit/gamilit/projects/gamilit/apps/database/ddl/schemas/gamification_system/enums/maya_rank.sql
OBJ-DB-GAM-ENUM-TRANSACTION-TYPE,DB,GAM,enum,transaction_type,/home/isem/workspace/workspace-gamilit/gamilit/projects/gamilit/apps/database/ddl/schemas/gamification_system/enums/transaction_type.sql
OBJ-DB-GAM-FN-UPDATE-MISSIONS-UPDATED-AT,DB,GAM,function,update_missions_updated_at,/home/isem/workspace/workspace-gamilit/gamilit/projects/gamilit/apps/database/ddl/schemas/gamification_system/functions/06-update_missions_updated_at.sql
OBJ-DB-GAM-FN-UPDATE-NOTIFICATIONS-UPDATED-AT,DB,GAM,function,update_notifications_updated_at,/home/isem/workspace/workspace-gamilit/gamilit/projects/gamilit/apps/database/ddl/schemas/gamification_system/functions/07-update_notifications_updated_at.sql
OBJ-DB-GAM-FN-RECALCULATE-LEVEL-ON-XP-CHANGE,DB,GAM,function,recalculate_level_on_xp_change,/home/isem/workspace/workspace-gamilit/gamilit/projects/gamilit/apps/database/ddl/schemas/gamification_system/functions/08-recalculate_level_on_xp_change.sql
OBJ-DB-GAM-FN-APPLY-XP-BOOST,DB,GAM,function,apply_xp_boost,/home/isem/workspace/workspace-gamilit/gamilit/projects/gamilit/apps/database/ddl/schemas/gamification_system/functions/apply_xp_boost.sql
OBJ-DB-GAM-FN-AWARD-ML-COINS,DB,GAM,function,award_ml_coins,/home/isem/workspace/workspace-gamilit/gamilit/projects/gamilit/apps/database/ddl/schemas/gamification_system/functions/award_ml_coins.sql
OBJ-DB-GAM-FN-CALCULATE-LEVEL-FROM-XP,DB,GAM,function,calculate_level_from_xp,/home/isem/workspace/workspace-gamilit/gamilit/projects/gamilit/apps/database/ddl/schemas/gamification_system/functions/calculate_level_from_xp.sql
OBJ-DB-GAM-FN-CALCULATE-USER-RANK,DB,GAM,function,calculate_user_rank,/home/isem/workspace/workspace-gamilit/gamilit/projects/gamilit/apps/database/ddl/schemas/gamification_system/functions/calculate_user_rank.sql
OBJ-DB-GAM-FN-CHECK-AND-GRANT-ACHIEVEMENTS,DB,GAM,function,check_and_grant_achievements,/home/isem/workspace/workspace-gamilit/gamilit/projects/gamilit/apps/database/ddl/schemas/gamification_system/functions/check_and_award_achievements.sql
OBJ-DB-GAM-FN-CLAIM-ACHIEVEMENT-REWARD,DB,GAM,function,claim_achievement_reward,/home/isem/workspace/workspace-gamilit/gamilit/projects/gamilit/apps/database/ddl/schemas/gamification_system/functions/claim_achievement_reward.sql
OBJ-DB-GAM-FN-CONSUME-COMODIN,DB,GAM,function,consume_comodin,/home/isem/workspace/workspace-gamilit/gamilit/projects/gamilit/apps/database/ddl/schemas/gamification_system/functions/consume_comodin.sql
OBJ-DB-GAM-FN-GET-USER-COMODINES,DB,GAM,function,get_user_comodines,/home/isem/workspace/workspace-gamilit/gamilit/projects/gamilit/apps/database/ddl/schemas/gamification_system/functions/get_user_comodines.sql
OBJ-DB-GAM-FN-GET-USER-RANK-PROGRESS,DB,GAM,function,get_user_rank_progress,/home/isem/workspace/workspace-gamilit/gamilit/projects/gamilit/apps/database/ddl/schemas/gamification_system/functions/get_user_current_rank.sql
OBJ-DB-GAM-FN-GET-USER-INVENTORY-SUMMARY,DB,GAM,function,get_user_inventory_summary,/home/isem/workspace/workspace-gamilit/gamilit/projects/gamilit/apps/database/ddl/schemas/gamification_system/functions/get_user_inventory.sql
OBJ-DB-GAM-FN-GET-USER-INVENTORY-SUMMARY,DB,GAM,function,get_user_inventory_summary,/home/isem/workspace/workspace-gamilit/gamilit/projects/gamilit/apps/database/ddl/schemas/gamification_system/functions/get_user_inventory_summary.sql
OBJ-DB-GAM-FN-GET-USER-RANK-PROGRESS,DB,GAM,function,get_user_rank_progress,/home/isem/workspace/workspace-gamilit/gamilit/projects/gamilit/apps/database/ddl/schemas/gamification_system/functions/get_user_rank_progress.sql
OBJ-DB-GAM-FN-GET-USER-RANK-REQUIREMENTS,DB,GAM,function,get_user_rank_requirements,/home/isem/workspace/workspace-gamilit/gamilit/projects/gamilit/apps/database/ddl/schemas/gamification_system/functions/get_user_rank_requirements.sql
OBJ-DB-GAM-FN-CHECK-AND-GRANT-ACHIEVEMENTS,DB,GAM,function,check_and_grant_achievements,/home/isem/workspace/workspace-gamilit/gamilit/projects/gamilit/apps/database/ddl/schemas/gamification_system/functions/grant_achievement.sql
OBJ-DB-GAM-FN-PROCESS-EXERCISE-COMPLETION,DB,GAM,function,process_exercise_completion,/home/isem/workspace/workspace-gamilit/gamilit/projects/gamilit/apps/database/ddl/schemas/gamification_system/functions/process_exercise_completion.sql
OBJ-DB-GAM-FN-CONSUME-COMODIN,DB,GAM,function,consume_comodin,/home/isem/workspace/workspace-gamilit/gamilit/projects/gamilit/apps/database/ddl/schemas/gamification_system/functions/redeem_comodin.sql
OBJ-DB-GAM-FN-UPDATE-LEADERBOARD-COINS,DB,GAM,function,update_leaderboard_coins,/home/isem/workspace/workspace-gamilit/gamilit/projects/gamilit/apps/database/ddl/schemas/gamification_system/functions/update_leaderboard_coins.sql
OBJ-DB-GAM-FN-UPDATE-LEADERBOARD-GLOBAL,DB,GAM,function,update_leaderboard_global,/home/isem/workspace/workspace-gamilit/gamilit/projects/gamilit/apps/database/ddl/schemas/gamification_system/functions/update_leaderboard_global.sql
OBJ-DB-GAM-FN-UPDATE-LEADERBOARD-STREAKS,DB,GAM,function,update_leaderboard_streaks,/home/isem/workspace/workspace-gamilit/gamilit/projects/gamilit/apps/database/ddl/schemas/gamification_system/functions/update_leaderboard_streaks.sql
OBJ-DB-GAM-FN-UPDATE-USER-RANK,DB,GAM,function,update_user_rank,/home/isem/workspace/workspace-gamilit/gamilit/projects/gamilit/apps/database/ddl/schemas/gamification_system/functions/update_user_rank.sql
OBJ-DB-GAM-IDX-IDX-ACHIEVEMENT-CATEGORIES-ACTIVE,DB,GAM,index,idx_achievement_categories_active,/home/isem/workspace/workspace-gamilit/gamilit/projects/gamilit/apps/database/ddl/schemas/gamification_system/indexes/01-idx_achievement_categories_active.sql
OBJ-DB-GAM-IDX-IDX-ACHIEVEMENTS-METADATA-GIN,DB,GAM,index,idx_achievements_metadata_gin,/home/isem/workspace/workspace-gamilit/gamilit/projects/gamilit/apps/database/ddl/schemas/gamification_system/indexes/01-idx_achievements_metadata_gin.sql
OBJ-DB-GAM-IDX-IDX-ACTIVE-BOOSTS-USER,DB,GAM,index,idx_active_boosts_user,/home/isem/workspace/workspace-gamilit/gamilit/projects/gamilit/apps/database/ddl/schemas/gamification_system/indexes/02-idx_active_boosts_user.sql
OBJ-DB-GAM-IDX-IDX-INVENTORY-TRANSACTIONS-USER,DB,GAM,index,idx_inventory_transactions_user,/home/isem/workspace/workspace-gamilit/gamilit/projects/gamilit/apps/database/ddl/schemas/gamification_system/indexes/02-idx_inventory_transactions_user.sql
OBJ-DB-GAM-MATE-CREATE,DB,GAM,materialized_view,create,/home/isem/workspace/workspace-gamilit/gamilit/projects/gamilit/apps/database/ddl/schemas/gamification_system/materialized-views/01-mv_global_leaderboard.sql
OBJ-DB-GAM-MATE-CREATE,DB,GAM,materialized_view,create,/home/isem/workspace/workspace-gamilit/gamilit/projects/gamilit/apps/database/ddl/schemas/gamification_system/materialized-views/02-mv_classroom_leaderboard.sql
OBJ-DB-GAM-MATE-CREATE,DB,GAM,materialized_view,create,/home/isem/workspace/workspace-gamilit/gamilit/projects/gamilit/apps/database/ddl/schemas/gamification_system/materialized-views/03-mv_weekly_leaderboard.sql
OBJ-DB-GAM-MATE-MV-MECHANIC-LEADERBOARD,DB,GAM,materialized_view,mv_mechanic_leaderboard,/home/isem/workspace/workspace-gamilit/gamilit/projects/gamilit/apps/database/ddl/schemas/gamification_system/materialized-views/04-mv_mechanic_leaderboard.sql
OBJ-DB-GAM-UNKN-01-ENABLE-RLS,DB,GAM,unknown,01-enable-rls,/home/isem/workspace/workspace-gamilit/gamilit/projects/gamilit/apps/database/ddl/schemas/gamification_system/rls-policies/01-enable-rls.sql
OBJ-DB-GAM-UNKN-02-ML-COINS-POLICIES,DB,GAM,unknown,02-ml-coins-policies,/home/isem/workspace/workspace-gamilit/gamilit/projects/gamilit/apps/database/ddl/schemas/gamification_system/rls-policies/02-ml-coins-policies.sql
OBJ-DB-GAM-UNKN-02-POLICIES,DB,GAM,unknown,02-policies,/home/isem/workspace/workspace-gamilit/gamilit/projects/gamilit/apps/database/ddl/schemas/gamification_system/rls-policies/02-policies.sql
OBJ-DB-GAM-UNKN-03-ACHIEVEMENTS-POLICIES,DB,GAM,unknown,03-achievements-policies,/home/isem/workspace/workspace-gamilit/gamilit/projects/gamilit/apps/database/ddl/schemas/gamification_system/rls-policies/03-achievements-policies.sql
OBJ-DB-GAM-UNKN-03-GRANTS,DB,GAM,unknown,03-grants,/home/isem/workspace/workspace-gamilit/gamilit/projects/gamilit/apps/database/ddl/schemas/gamification_system/rls-policies/03-grants.sql
OBJ-DB-GAM-UNKN-04-USER-STATS-POLICIES,DB,GAM,unknown,04-user-stats-policies,/home/isem/workspace/workspace-gamilit/gamilit/projects/gamilit/apps/database/ddl/schemas/gamification_system/rls-policies/04-user-stats-policies.sql
OBJ-DB-GAM-UNKN-05-INVENTORY-MISSIONS-POLICIES,DB,GAM,unknown,05-inventory-missions-policies,/home/isem/workspace/workspace-gamilit/gamilit/projects/gamilit/apps/database/ddl/schemas/gamification_system/rls-policies/05-inventory-missions-policies.sql
OBJ-DB-GAM-UNKN-06-NOTIFICATIONS-LEADERBOARD-POLICIES,DB,GAM,unknown,06-notifications-leaderboard-policies,/home/isem/workspace/workspace-gamilit/gamilit/projects/gamilit/apps/database/ddl/schemas/gamification_system/rls-policies/06-notifications-leaderboard-policies.sql
OBJ-DB-GAM-TRG-USER-STATS,DB,GAM,trigger,user_stats,/home/isem/workspace/workspace-gamilit/gamilit/projects/gamilit/apps/database/ddl/schemas/gamification_system/tables/01-user_stats.sql
OBJ-DB-GAM-TRG-USER-RANKS,DB,GAM,trigger,user_ranks,/home/isem/workspace/workspace-gamilit/gamilit/projects/gamilit/apps/database/ddl/schemas/gamification_system/tables/02-user_ranks.sql
OBJ-DB-GAM-TRG-ACHIEVEMENTS,DB,GAM,trigger,achievements,/home/isem/workspace/workspace-gamilit/gamilit/projects/gamilit/apps/database/ddl/schemas/gamification_system/tables/03-achievements.sql
OBJ-DB-GAM-IDX-USER-ACHIEVEMENTS,DB,GAM,index,user_achievements,/home/isem/workspace/workspace-gamilit/gamilit/projects/gamilit/apps/database/ddl/schemas/gamification_system/tables/04-user_achievements.sql
OBJ-DB-GAM-IDX-ML-COINS-TRANSACTIONS,DB,GAM,index,ml_coins_transactions,/home/isem/workspace/workspace-gamilit/gamilit/projects/gamilit/apps/database/ddl/schemas/gamification_system/tables/05-ml_coins_transactions.sql
OBJ-DB-GAM-TRG-MISSIONS,DB,GAM,trigger,missions,/home/isem/workspace/workspace-gamilit/gamilit/projects/gamilit/apps/database/ddl/schemas/gamification_system/tables/06-missions.sql
OBJ-DB-GAM-TRG-COMODINES-INVENTORY,DB,GAM,trigger,comodines_inventory,/home/isem/workspace/workspace-gamilit/gamilit/projects/gamilit/apps/database/ddl/schemas/gamification_system/tables/07-comodines_inventory.sql
OBJ-DB-GAM-TRG-NOTIFICATIONS,DB,GAM,trigger,notifications,/home/isem/workspace/workspace-gamilit/gamilit/projects/gamilit/apps/database/ddl/schemas/gamification_system/tables/08-notifications.sql
OBJ-DB-GAM-TBL-LEADERBOARD-METADATA,DB,GAM,table,leaderboard_metadata,/home/isem/workspace/workspace-gamilit/gamilit/projects/gamilit/apps/database/ddl/schemas/gamification_system/tables/09-leaderboard_metadata.sql
OBJ-DB-GAM-TRG-ACHIEVEMENT-CATEGORIES,DB,GAM,trigger,achievement_categories,/home/isem/workspace/workspace-gamilit/gamilit/projects/gamilit/apps/database/ddl/schemas/gamification_system/tables/10-achievement_categories.sql
OBJ-DB-GAM-TRG-ACTIVE-BOOSTS,DB,GAM,trigger,active_boosts,/home/isem/workspace/workspace-gamilit/gamilit/projects/gamilit/apps/database/ddl/schemas/gamification_system/tables/11-active_boosts.sql
OBJ-DB-GAM-IDX-INVENTORY-TRANSACTIONS,DB,GAM,index,inventory_transactions,/home/isem/workspace/workspace-gamilit/gamilit/projects/gamilit/apps/database/ddl/schemas/gamification_system/tables/12-inventory_transactions.sql
OBJ-DB-GAM-TRG-MAYA-RANKS,DB,GAM,trigger,maya_ranks,/home/isem/workspace/workspace-gamilit/gamilit/projects/gamilit/apps/database/ddl/schemas/gamification_system/tables/13-maya_ranks.sql
OBJ-DB-GAM-TRG-TRG-ACHIEVEMENTS-UPDATED-AT,DB,GAM,trigger,trg_achievements_updated_at,/home/isem/workspace/workspace-gamilit/gamilit/projects/gamilit/apps/database/ddl/schemas/gamification_system/triggers/15-trg_achievements_updated_at.sql
OBJ-DB-GAM-TRG-TRG-COMODINES-INVENTORY-UPDATED-AT,DB,GAM,trigger,trg_comodines_inventory_updated_at,/home/isem/workspace/workspace-gamilit/gamilit/projects/gamilit/apps/database/ddl/schemas/gamification_system/triggers/16-trg_comodines_inventory_updated_at.sql
OBJ-DB-GAM-TRG-MISSIONS-UPDATED-AT,DB,GAM,trigger,missions_updated_at,/home/isem/workspace/workspace-gamilit/gamilit/projects/gamilit/apps/database/ddl/schemas/gamification_system/triggers/17-missions_updated_at.sql
OBJ-DB-GAM-TRG-NOTIFICATIONS-UPDATED-AT,DB,GAM,trigger,notifications_updated_at,/home/isem/workspace/workspace-gamilit/gamilit/projects/gamilit/apps/database/ddl/schemas/gamification_system/triggers/18-notifications_updated_at.sql
OBJ-DB-GAM-TRG-TRG-RECALCULATE-LEVEL-ON-XP-CHANGE,DB,GAM,trigger,trg_recalculate_level_on_xp_change,/home/isem/workspace/workspace-gamilit/gamilit/projects/gamilit/apps/database/ddl/schemas/gamification_system/triggers/18-trg_recalculate_level_on_xp_change.sql
OBJ-DB-GAM-TRG-TRG-USER-RANKS-UPDATED-AT,DB,GAM,trigger,trg_user_ranks_updated_at,/home/isem/workspace/workspace-gamilit/gamilit/projects/gamilit/apps/database/ddl/schemas/gamification_system/triggers/19-trg_user_ranks_updated_at.sql
OBJ-DB-GAM-TRG-TRG-USER-STATS-UPDATED-AT,DB,GAM,trigger,trg_user_stats_updated_at,/home/isem/workspace/workspace-gamilit/gamilit/projects/gamilit/apps/database/ddl/schemas/gamification_system/triggers/20-trg_user_stats_updated_at.sql
OBJ-DB-GAM-MATE-LEADERBOARD-COINS,DB,GAM,materialized_view,leaderboard_coins,/home/isem/workspace/workspace-gamilit/gamilit/projects/gamilit/apps/database/ddl/schemas/gamification_system/views/01-leaderboard_coins.sql
OBJ-DB-GAM-MATE-LEADERBOARD-GLOBAL,DB,GAM,materialized_view,leaderboard_global,/home/isem/workspace/workspace-gamilit/gamilit/projects/gamilit/apps/database/ddl/schemas/gamification_system/views/02-leaderboard_global.sql
OBJ-DB-GAM-MATE-LEADERBOARD-STREAKS,DB,GAM,materialized_view,leaderboard_streaks,/home/isem/workspace/workspace-gamilit/gamilit/projects/gamilit/apps/database/ddl/schemas/gamification_system/views/03-leaderboard_streaks.sql
OBJ-DB-GAM-MATE-LEADERBOARD-XP,DB,GAM,materialized_view,leaderboard_xp,/home/isem/workspace/workspace-gamilit/gamilit/projects/gamilit/apps/database/ddl/schemas/gamification_system/views/04-leaderboard_xp.sql
OBJ-BE-GAM-CTRL-ACHIEVEMENTS-CONTROLLER,BE,GAM,controller,achievements.controller,gamification/controllers/achievements.controller.ts
OBJ-BE-GAM-CTRL-LEADERBOARD-CONTROLLER,BE,GAM,controller,leaderboard.controller,gamification/controllers/leaderboard.controller.ts
OBJ-BE-GAM-CTRL-ML-COINS-CONTROLLER,BE,GAM,controller,ml-coins.controller,gamification/controllers/ml-coins.controller.ts
OBJ-BE-GAM-CTRL-RANKS-CONTROLLER,BE,GAM,controller,ranks.controller,gamification/controllers/ranks.controller.ts
OBJ-BE-GAM-CTRL-USER-STATS-CONTROLLER,BE,GAM,controller,user-stats.controller,gamification/controllers/user-stats.controller.ts
OBJ-BE-GAM-SVC-ACHIEVEMENTS-SERVICE,BE,GAM,service,achievements.service,gamification/services/achievements.service.ts
OBJ-BE-GAM-SVC-LEADERBOARD-SERVICE,BE,GAM,service,leaderboard.service,gamification/services/leaderboard.service.ts
OBJ-BE-GAM-SVC-ML-COINS-SERVICE,BE,GAM,service,ml-coins.service,gamification/services/ml-coins.service.ts
OBJ-BE-GAM-SVC-RANKS-SERVICE,BE,GAM,service,ranks.service,gamification/services/ranks.service.ts
OBJ-BE-GAM-SVC-USER-STATS-SERVICE,BE,GAM,service,user-stats.service,gamification/services/user-stats.service.ts
OBJ-BE-GAM-ENT-ACHIEVEMENT-CATEGORY-ENTITY,BE,GAM,entity,achievement-category.entity,gamification/entities/achievement-category.entity.ts
OBJ-BE-GAM-ENT-ACHIEVEMENT-ENTITY,BE,GAM,entity,achievement.entity,gamification/entities/achievement.entity.ts
OBJ-BE-GAM-ENT-ACTIVE-BOOST-ENTITY,BE,GAM,entity,active-boost.entity,gamification/entities/active-boost.entity.ts
OBJ-BE-GAM-ENT-COMODINES-INVENTORY-ENTITY,BE,GAM,entity,comodines-inventory.entity,gamification/entities/comodines-inventory.entity.ts
OBJ-BE-GAM-ENT-INVENTORY-TRANSACTION-ENTITY,BE,GAM,entity,inventory-transaction.entity,gamification/entities/inventory-transaction.entity.ts
OBJ-BE-GAM-ENT-LEADERBOARD-METADATA-ENTITY,BE,GAM,entity,leaderboard-metadata.entity,gamification/entities/leaderboard-metadata.entity.ts
OBJ-BE-GAM-ENT-MISSION-ENTITY,BE,GAM,entity,mission.entity,gamification/entities/mission.entity.ts
OBJ-BE-GAM-ENT-ML-COINS-TRANSACTION-ENTITY,BE,GAM,entity,ml-coins-transaction.entity,gamification/entities/ml-coins-transaction.entity.ts
OBJ-BE-GAM-ENT-USER-ACHIEVEMENT-ENTITY,BE,GAM,entity,user-achievement.entity,gamification/entities/user-achievement.entity.ts
OBJ-BE-GAM-ENT-USER-RANK-ENTITY,BE,GAM,entity,user-rank.entity,gamification/entities/user-rank.entity.ts
OBJ-BE-GAM-ENT-USER-STATS-ENTITY,BE,GAM,entity,user-stats.entity,gamification/entities/user-stats.entity.ts
OBJ-BE-GAM-CTRL-MISSIONS-CONTROLLER,BE,GAM,controller,missions.controller,missions/controllers/missions.controller.ts
OBJ-BE-GAM-SVC-MISSIONS-SERVICE,BE,GAM,service,missions.service,missions/services/missions.service.ts
OBJ-BE-GAM-ENT-MISSION-ENTITY,BE,GAM,entity,mission.entity,missions/entities/mission.entity.ts
OBJ-BE-GAM-CTRL-POWERUPS-CONTROLLER,BE,GAM,controller,powerups.controller,powerups/controllers/powerups.controller.ts
OBJ-BE-GAM-SVC-POWERUPS-SERVICE,BE,GAM,service,powerups.service,powerups/services/powerups.service.ts
OBJ-BE-GAM-ENT-COMODINES-INVENTORY-ENTITY,BE,GAM,entity,comodines-inventory.entity,powerups/entities/comodines-inventory.entity.ts
OBJ-DB-EDU-FN-CALCULATE-LEARNING-PATH,DB,EDU,function,calculate_learning_path,/home/isem/workspace/workspace-gamilit/gamilit/projects/gamilit/apps/database/ddl/schemas/educational_content/functions/calculate_learning_path.sql
OBJ-DB-EDU-FN-GET-RECOMMENDED-MISSIONS,DB,EDU,function,get_recommended_missions,/home/isem/workspace/workspace-gamilit/gamilit/projects/gamilit/apps/database/ddl/schemas/educational_content/functions/get_recommended_missions.sql
OBJ-DB-EDU-UNKN-01-ENABLE-RLS,DB,EDU,unknown,01-enable-rls,/home/isem/workspace/workspace-gamilit/gamilit/projects/gamilit/apps/database/ddl/schemas/educational_content/rls-policies/01-enable-rls.sql
OBJ-DB-EDU-UNKN-02-MODULES-EXERCISES-POLICIES,DB,EDU,unknown,02-modules-exercises-policies,/home/isem/workspace/workspace-gamilit/gamilit/projects/gamilit/apps/database/ddl/schemas/educational_content/rls-policies/02-modules-exercises-policies.sql
OBJ-DB-EDU-TRG-MODULES,DB,EDU,trigger,modules,/home/isem/workspace/workspace-gamilit/gamilit/projects/gamilit/apps/database/ddl/schemas/educational_content/tables/01-modules.sql
OBJ-DB-EDU-TRG-EXERCISES,DB,EDU,trigger,exercises,/home/isem/workspace/workspace-gamilit/gamilit/projects/gamilit/apps/database/ddl/schemas/educational_content/tables/02-exercises.sql
OBJ-DB-EDU-TRG-ASSESSMENT-RUBRICS,DB,EDU,trigger,assessment_rubrics,/home/isem/workspace/workspace-gamilit/gamilit/projects/gamilit/apps/database/ddl/schemas/educational_content/tables/03-assessment_rubrics.sql
OBJ-DB-EDU-TRG-MEDIA-RESOURCES,DB,EDU,trigger,media_resources,/home/isem/workspace/workspace-gamilit/gamilit/projects/gamilit/apps/database/ddl/schemas/educational_content/tables/04-media_resources.sql
OBJ-DB-EDU-TRG-TRG-ASSESSMENT-RUBRICS-UPDATED-AT,DB,EDU,trigger,trg_assessment_rubrics_updated_at,/home/isem/workspace/workspace-gamilit/gamilit/projects/gamilit/apps/database/ddl/schemas/educational_content/triggers/11-trg_assessment_rubrics_updated_at.sql
OBJ-DB-EDU-TRG-TRG-EXERCISES-UPDATED-AT,DB,EDU,trigger,trg_exercises_updated_at,/home/isem/workspace/workspace-gamilit/gamilit/projects/gamilit/apps/database/ddl/schemas/educational_content/triggers/12-trg_exercises_updated_at.sql
OBJ-DB-EDU-TRG-TRG-MEDIA-RESOURCES-UPDATED-AT,DB,EDU,trigger,trg_media_resources_updated_at,/home/isem/workspace/workspace-gamilit/gamilit/projects/gamilit/apps/database/ddl/schemas/educational_content/triggers/13-trg_media_resources_updated_at.sql
OBJ-DB-EDU-TRG-TRG-MODULES-UPDATED-AT,DB,EDU,trigger,trg_modules_updated_at,/home/isem/workspace/workspace-gamilit/gamilit/projects/gamilit/apps/database/ddl/schemas/educational_content/triggers/14-trg_modules_updated_at.sql
OBJ-BE-EDU-CTRL-EXERCISES-CONTROLLER,BE,EDU,controller,exercises.controller,educational/controllers/exercises.controller.ts
OBJ-BE-EDU-CTRL-MEDIA-CONTROLLER,BE,EDU,controller,media.controller,educational/controllers/media.controller.ts
OBJ-BE-EDU-CTRL-MODULES-CONTROLLER,BE,EDU,controller,modules.controller,educational/controllers/modules.controller.ts
OBJ-BE-EDU-SVC-EXERCISES-SERVICE,BE,EDU,service,exercises.service,educational/services/exercises.service.ts
OBJ-BE-EDU-SVC-MEDIA-SERVICE,BE,EDU,service,media.service,educational/services/media.service.ts
OBJ-BE-EDU-SVC-MODULES-SERVICE,BE,EDU,service,modules.service,educational/services/modules.service.ts
OBJ-BE-EDU-ENT-ASSESSMENT-RUBRIC-ENTITY,BE,EDU,entity,assessment-rubric.entity,educational/entities/assessment-rubric.entity.ts
OBJ-BE-EDU-ENT-EXERCISE-ENTITY,BE,EDU,entity,exercise.entity,educational/entities/exercise.entity.ts
OBJ-BE-EDU-ENT-MEDIA-RESOURCE-ENTITY,BE,EDU,entity,media-resource.entity,educational/entities/media-resource.entity.ts
OBJ-BE-EDU-ENT-MODULE-ENTITY,BE,EDU,entity,module.entity,educational/entities/module.entity.ts
OBJ-BE-EDU-SVC-MISSIONS-CRON-SERVICE,BE,EDU,service,missions-cron.service,tasks/services/missions-cron.service.ts
OBJ-BE-EDU-SVC-NOTIFICATIONS-CRON-SERVICE,BE,EDU,service,notifications-cron.service,tasks/services/notifications-cron.service.ts
OBJ-DB-PRG-FN-CALCULATE-MODULE-PROGRESS,DB,PRG,function,calculate_module_progress,/home/isem/workspace/workspace-gamilit/gamilit/projects/gamilit/apps/database/ddl/schemas/progress_tracking/functions/01-calculate_module_progress.sql
OBJ-DB-PRG-FN-GET-USER-PROGRESS-SUMMARY,DB,PRG,function,get_user_progress_summary,/home/isem/workspace/workspace-gamilit/gamilit/projects/gamilit/apps/database/ddl/schemas/progress_tracking/functions/03-get_user_progress.sql
OBJ-DB-PRG-FN-UPDATE-EXERCISE-SUBMISSIONS-UPDATED-AT,DB,PRG,function,update_exercise_submissions_updated_at,/home/isem/workspace/workspace-gamilit/gamilit/projects/gamilit/apps/database/ddl/schemas/progress_tracking/functions/04-record_exercise_attempt.sql
OBJ-DB-PRG-FN-GET-CLASSROOM-ANALYTICS,DB,PRG,function,get_classroom_analytics,/home/isem/workspace/workspace-gamilit/gamilit/projects/gamilit/apps/database/ddl/schemas/progress_tracking/functions/05-get_classroom_analytics.sql
OBJ-DB-PRG-FN-GRANT-MISSION-COMPLETION-REWARDS,DB,PRG,function,grant_mission_completion_rewards,/home/isem/workspace/workspace-gamilit/gamilit/projects/gamilit/apps/database/ddl/schemas/progress_tracking/functions/06-update_mission_progress.sql
OBJ-DB-PRG-FN-UPDATE-EXERCISE-SUBMISSIONS-UPDATED-AT,DB,PRG,function,update_exercise_submissions_updated_at,/home/isem/workspace/workspace-gamilit/gamilit/projects/gamilit/apps/database/ddl/schemas/progress_tracking/functions/07-update_exercise_submissions_updated_at.sql
OBJ-DB-PRG-FN-CHECK-MECHANIC-COMPLETION,DB,PRG,function,check_mechanic_completion,/home/isem/workspace/workspace-gamilit/gamilit/projects/gamilit/apps/database/ddl/schemas/progress_tracking/functions/_deprecated/02-check_mechanic_completion.sql
OBJ-DB-PRG-IDX-IDX-MODULE-PROGRESS-ANALYTICS-GIN,DB,PRG,index,idx_module_progress_analytics_gin,/home/isem/workspace/workspace-gamilit/gamilit/projects/gamilit/apps/database/ddl/schemas/progress_tracking/indexes/01-idx_module_progress_analytics_gin.sql
OBJ-DB-PRG-IDX-IDX-SCHEDULED-MISSIONS-MISSION,DB,PRG,index,idx_scheduled_missions_mission,/home/isem/workspace/workspace-gamilit/gamilit/projects/gamilit/apps/database/ddl/schemas/progress_tracking/indexes/02-idx_scheduled_missions_mission.sql
OBJ-DB-PRG-UNKN-01-ENABLE-RLS,DB,PRG,unknown,01-enable-rls,/home/isem/workspace/workspace-gamilit/gamilit/projects/gamilit/apps/database/ddl/schemas/progress_tracking/rls-policies/01-enable-rls.sql
OBJ-DB-PRG-UNKN-02-PROGRESS-POLICIES,DB,PRG,unknown,02-progress-policies,/home/isem/workspace/workspace-gamilit/gamilit/projects/gamilit/apps/database/ddl/schemas/progress_tracking/rls-policies/02-progress-policies.sql
OBJ-DB-PRG-TRG-MODULE-PROGRESS,DB,PRG,trigger,module_progress,/home/isem/workspace/workspace-gamilit/gamilit/projects/gamilit/apps/database/ddl/schemas/progress_tracking/tables/01-module_progress.sql
OBJ-DB-PRG-IDX-LEARNING-SESSIONS,DB,PRG,index,learning_sessions,/home/isem/workspace/workspace-gamilit/gamilit/projects/gamilit/apps/database/ddl/schemas/progress_tracking/tables/02-learning_sessions.sql
OBJ-DB-PRG-TRG-EXERCISE-ATTEMPTS,DB,PRG,trigger,exercise_attempts,/home/isem/workspace/workspace-gamilit/gamilit/projects/gamilit/apps/database/ddl/schemas/progress_tracking/tables/03-exercise_attempts.sql
OBJ-DB-PRG-TRG-EXERCISE-SUBMISSIONS,DB,PRG,trigger,exercise_submissions,/home/isem/workspace/workspace-gamilit/gamilit/projects/gamilit/apps/database/ddl/schemas/progress_tracking/tables/04-exercise_submissions.sql
OBJ-DB-PRG-IDX-SCHEDULED-MISSIONS,DB,PRG,index,scheduled_missions,/home/isem/workspace/workspace-gamilit/gamilit/projects/gamilit/apps/database/ddl/schemas/progress_tracking/tables/05-scheduled_missions.sql
OBJ-DB-PRG-TRG-TRG-UPDATE-USER-STATS-ON-EXERCISE,DB,PRG,trigger,trg_update_user_stats_on_exercise,/home/isem/workspace/workspace-gamilit/gamilit/projects/gamilit/apps/database/ddl/schemas/progress_tracking/triggers/21-trg_update_user_stats_on_exercise.sql
OBJ-DB-PRG-TRG-EXERCISE-SUBMISSIONS-UPDATED-AT,DB,PRG,trigger,exercise_submissions_updated_at,/home/isem/workspace/workspace-gamilit/gamilit/projects/gamilit/apps/database/ddl/schemas/progress_tracking/triggers/22-exercise_submissions_updated_at.sql
OBJ-DB-PRG-TRG-TRG-MODULE-PROGRESS-UPDATED-AT,DB,PRG,trigger,trg_module_progress_updated_at,/home/isem/workspace/workspace-gamilit/gamilit/projects/gamilit/apps/database/ddl/schemas/progress_tracking/triggers/23-trg_module_progress_updated_at.sql
OBJ-DB-PRG-VIEW-USER-PROGRESS-SUMMARY,DB,PRG,view,user_progress_summary,/home/isem/workspace/workspace-gamilit/gamilit/projects/gamilit/apps/database/ddl/schemas/progress_tracking/views/user_progress_summary.sql
OBJ-BE-PRG-CTRL-EXERCISE-ATTEMPT-CONTROLLER,BE,PRG,controller,exercise-attempt.controller,progress/controllers/exercise-attempt.controller.ts
OBJ-BE-PRG-CTRL-EXERCISE-SUBMISSION-CONTROLLER,BE,PRG,controller,exercise-submission.controller,progress/controllers/exercise-submission.controller.ts
OBJ-BE-PRG-CTRL-LEARNING-SESSION-CONTROLLER,BE,PRG,controller,learning-session.controller,progress/controllers/learning-session.controller.ts
OBJ-BE-PRG-CTRL-MODULE-PROGRESS-CONTROLLER,BE,PRG,controller,module-progress.controller,progress/controllers/module-progress.controller.ts
OBJ-BE-PRG-CTRL-SCHEDULED-MISSION-CONTROLLER,BE,PRG,controller,scheduled-mission.controller,progress/controllers/scheduled-mission.controller.ts
OBJ-BE-PRG-SVC-EXERCISE-ATTEMPT-SERVICE,BE,PRG,service,exercise-attempt.service,progress/services/exercise-attempt.service.ts
OBJ-BE-PRG-SVC-EXERCISE-SUBMISSION-SERVICE,BE,PRG,service,exercise-submission.service,progress/services/exercise-submission.service.ts
OBJ-BE-PRG-SVC-LEARNING-SESSION-SERVICE,BE,PRG,service,learning-session.service,progress/services/learning-session.service.ts
OBJ-BE-PRG-SVC-MODULE-PROGRESS-SERVICE,BE,PRG,service,module-progress.service,progress/services/module-progress.service.ts
OBJ-BE-PRG-SVC-PENDING-ACTIVITIES-SERVICE,BE,PRG,service,pending-activities.service,progress/services/pending-activities.service.ts
OBJ-BE-PRG-SVC-RECENT-ACTIVITY-SERVICE,BE,PRG,service,recent-activity.service,progress/services/recent-activity.service.ts
OBJ-BE-PRG-SVC-SCHEDULED-MISSION-SERVICE,BE,PRG,service,scheduled-mission.service,progress/services/scheduled-mission.service.ts
OBJ-BE-PRG-ENT-EXERCISE-ATTEMPT-ENTITY,BE,PRG,entity,exercise-attempt.entity,progress/entities/exercise-attempt.entity.ts
OBJ-BE-PRG-ENT-EXERCISE-SUBMISSION-ENTITY,BE,PRG,entity,exercise-submission.entity,progress/entities/exercise-submission.entity.ts
OBJ-BE-PRG-ENT-LEARNING-SESSION-ENTITY,BE,PRG,entity,learning-session.entity,progress/entities/learning-session.entity.ts
OBJ-BE-PRG-ENT-MODULE-PROGRESS-ENTITY,BE,PRG,entity,module-progress.entity,progress/entities/module-progress.entity.ts
OBJ-BE-PRG-ENT-SCHEDULED-MISSION-ENTITY,BE,PRG,entity,scheduled-mission.entity,progress/entities/scheduled-mission.entity.ts
OBJ-DB-SOC-FN-CLEANUP-OLD-NOTIFICATIONS,DB,SOC,function,cleanup_old_notifications,/home/isem/workspace/workspace-gamilit/gamilit/projects/gamilit/apps/database/ddl/schemas/social_features/functions/cleanup_old_notifications.sql
OBJ-DB-SOC-UNKN-01-ENABLE-RLS,DB,SOC,unknown,01-enable-rls,/home/isem/workspace/workspace-gamilit/gamilit/projects/gamilit/apps/database/ddl/schemas/social_features/rls-policies/01-enable-rls.sql
OBJ-DB-SOC-UNKN-02-POLICIES,DB,SOC,unknown,02-policies,/home/isem/workspace/workspace-gamilit/gamilit/projects/gamilit/apps/database/ddl/schemas/social_features/rls-policies/02-policies.sql
OBJ-DB-SOC-UNKN-02-SCHOOLS-POLICIES,DB,SOC,unknown,02-schools-policies,/home/isem/workspace/workspace-gamilit/gamilit/projects/gamilit/apps/database/ddl/schemas/social_features/rls-policies/02-schools-policies.sql
OBJ-DB-SOC-UNKN-03-CLASSROOMS-POLICIES,DB,SOC,unknown,03-classrooms-policies,/home/isem/workspace/workspace-gamilit/gamilit/projects/gamilit/apps/database/ddl/schemas/social_features/rls-policies/03-classrooms-policies.sql
OBJ-DB-SOC-UNKN-03-GRANTS,DB,SOC,unknown,03-grants,/home/isem/workspace/workspace-gamilit/gamilit/projects/gamilit/apps/database/ddl/schemas/social_features/rls-policies/03-grants.sql
OBJ-DB-SOC-UNKN-04-CLASSROOM-MEMBERS-POLICIES,DB,SOC,unknown,04-classroom-members-policies,/home/isem/workspace/workspace-gamilit/gamilit/projects/gamilit/apps/database/ddl/schemas/social_features/rls-policies/04-classroom-members-policies.sql
OBJ-DB-SOC-UNKN-05-FRIENDSHIPS-POLICIES,DB,SOC,unknown,05-friendships-policies,/home/isem/workspace/workspace-gamilit/gamilit/projects/gamilit/apps/database/ddl/schemas/social_features/rls-policies/05-friendships-policies.sql
OBJ-DB-SOC-UNKN-06-TEAMS-POLICIES,DB,SOC,unknown,06-teams-policies,/home/isem/workspace/workspace-gamilit/gamilit/projects/gamilit/apps/database/ddl/schemas/social_features/rls-policies/06-teams-policies.sql
OBJ-DB-SOC-IDX-FRIENDSHIPS,DB,SOC,index,friendships,/home/isem/workspace/workspace-gamilit/gamilit/projects/gamilit/apps/database/ddl/schemas/social_features/tables/01-friendships.sql
OBJ-DB-SOC-TRG-SCHOOLS,DB,SOC,trigger,schools,/home/isem/workspace/workspace-gamilit/gamilit/projects/gamilit/apps/database/ddl/schemas/social_features/tables/02-schools.sql
OBJ-DB-SOC-TRG-CLASSROOMS,DB,SOC,trigger,classrooms,/home/isem/workspace/workspace-gamilit/gamilit/projects/gamilit/apps/database/ddl/schemas/social_features/tables/03-classrooms.sql
OBJ-DB-SOC-TRG-CLASSROOM-MEMBERS,DB,SOC,trigger,classroom_members,/home/isem/workspace/workspace-gamilit/gamilit/projects/gamilit/apps/database/ddl/schemas/social_features/tables/04-classroom_members.sql
OBJ-DB-SOC-TRG-TEAMS,DB,SOC,trigger,teams,/home/isem/workspace/workspace-gamilit/gamilit/projects/gamilit/apps/database/ddl/schemas/social_features/tables/05-teams.sql
OBJ-DB-SOC-IDX-TEAM-MEMBERS,DB,SOC,index,team_members,/home/isem/workspace/workspace-gamilit/gamilit/projects/gamilit/apps/database/ddl/schemas/social_features/tables/06-team_members.sql
OBJ-DB-SOC-IDX-TEAM-CHALLENGES,DB,SOC,index,team_challenges,/home/isem/workspace/workspace-gamilit/gamilit/projects/gamilit/apps/database/ddl/schemas/social_features/tables/07-team_challenges.sql
OBJ-DB-SOC-TRG-TRG-CLASSROOM-MEMBERS-UPDATED-AT,DB,SOC,trigger,trg_classroom_members_updated_at,/home/isem/workspace/workspace-gamilit/gamilit/projects/gamilit/apps/database/ddl/schemas/social_features/triggers/24-trg_classroom_members_updated_at.sql
OBJ-DB-SOC-TRG-TRG-UPDATE-CLASSROOM-COUNT,DB,SOC,trigger,trg_update_classroom_count,/home/isem/workspace/workspace-gamilit/gamilit/projects/gamilit/apps/database/ddl/schemas/social_features/triggers/25-trg_update_classroom_count.sql
OBJ-DB-SOC-TRG-TRG-CLASSROOMS-UPDATED-AT,DB,SOC,trigger,trg_classrooms_updated_at,/home/isem/workspace/workspace-gamilit/gamilit/projects/gamilit/apps/database/ddl/schemas/social_features/triggers/26-trg_classrooms_updated_at.sql
OBJ-DB-SOC-TRG-TRG-SCHOOLS-UPDATED-AT,DB,SOC,trigger,trg_schools_updated_at,/home/isem/workspace/workspace-gamilit/gamilit/projects/gamilit/apps/database/ddl/schemas/social_features/triggers/27-trg_schools_updated_at.sql
OBJ-DB-SOC-TRG-TRG-TEAMS-UPDATED-AT,DB,SOC,trigger,trg_teams_updated_at,/home/isem/workspace/workspace-gamilit/gamilit/projects/gamilit/apps/database/ddl/schemas/social_features/triggers/28-trg_teams_updated_at.sql
OBJ-BE-SOC-CTRL-CLASSROOM-MEMBERS-CONTROLLER,BE,SOC,controller,classroom-members.controller,social/controllers/classroom-members.controller.ts
OBJ-BE-SOC-CTRL-CLASSROOMS-CONTROLLER,BE,SOC,controller,classrooms.controller,social/controllers/classrooms.controller.ts
OBJ-BE-SOC-CTRL-FRIENDSHIPS-CONTROLLER,BE,SOC,controller,friendships.controller,social/controllers/friendships.controller.ts
OBJ-BE-SOC-CTRL-SCHOOLS-CONTROLLER,BE,SOC,controller,schools.controller,social/controllers/schools.controller.ts
OBJ-BE-SOC-CTRL-TEAM-CHALLENGES-CONTROLLER,BE,SOC,controller,team-challenges.controller,social/controllers/team-challenges.controller.ts
OBJ-BE-SOC-CTRL-TEAM-MEMBERS-CONTROLLER,BE,SOC,controller,team-members.controller,social/controllers/team-members.controller.ts
OBJ-BE-SOC-CTRL-TEAMS-CONTROLLER,BE,SOC,controller,teams.controller,social/controllers/teams.controller.ts
OBJ-BE-SOC-SVC-CLASSROOM-MEMBERS-SERVICE,BE,SOC,service,classroom-members.service,social/services/classroom-members.service.ts
OBJ-BE-SOC-SVC-CLASSROOMS-SERVICE,BE,SOC,service,classrooms.service,social/services/classrooms.service.ts
OBJ-BE-SOC-SVC-FRIENDSHIPS-SERVICE,BE,SOC,service,friendships.service,social/services/friendships.service.ts
OBJ-BE-SOC-SVC-SCHOOLS-SERVICE,BE,SOC,service,schools.service,social/services/schools.service.ts
OBJ-BE-SOC-SVC-TEAM-CHALLENGES-SERVICE,BE,SOC,service,team-challenges.service,social/services/team-challenges.service.ts
OBJ-BE-SOC-SVC-TEAM-MEMBERS-SERVICE,BE,SOC,service,team-members.service,social/services/team-members.service.ts
OBJ-BE-SOC-SVC-TEAMS-SERVICE,BE,SOC,service,teams.service,social/services/teams.service.ts
OBJ-BE-SOC-ENT-CLASSROOM-MEMBER-ENTITY,BE,SOC,entity,classroom-member.entity,social/entities/classroom-member.entity.ts
OBJ-BE-SOC-ENT-CLASSROOM-ENTITY,BE,SOC,entity,classroom.entity,social/entities/classroom.entity.ts
OBJ-BE-SOC-ENT-FRIENDSHIP-ENTITY,BE,SOC,entity,friendship.entity,social/entities/friendship.entity.ts
OBJ-BE-SOC-ENT-SCHOOL-ENTITY,BE,SOC,entity,school.entity,social/entities/school.entity.ts
OBJ-BE-SOC-ENT-TEAM-CHALLENGE-ENTITY,BE,SOC,entity,team-challenge.entity,social/entities/team-challenge.entity.ts
OBJ-BE-SOC-ENT-TEAM-MEMBER-ENTITY,BE,SOC,entity,team-member.entity,social/entities/team-member.entity.ts
OBJ-BE-SOC-ENT-TEAM-ENTITY,BE,SOC,entity,team.entity,social/entities/team.entity.ts
OBJ-BE-NOT-CTRL-NOTIFICATIONS-CONTROLLER,BE,NOT,controller,notifications.controller,notifications/controllers/notifications.controller.ts
OBJ-BE-NOT-SVC-NOTIFICATIONS-SERVICE,BE,NOT,service,notifications.service,notifications/services/notifications.service.ts
OBJ-BE-NOT-ENT-NOTIFICATION-ENTITY,BE,NOT,entity,notification.entity,notifications/entities/notification.entity.ts
OBJ-DB-CNT-IDX-IDX-MARIE-CONTENT-GRADE-LEVELS-GIN,DB,CNT,index,idx_marie_content_grade_levels_gin,/home/isem/workspace/workspace-gamilit/gamilit/projects/gamilit/apps/database/ddl/schemas/content_management/indexes/01-idx_marie_content_grade_levels_gin.sql
OBJ-DB-CNT-IDX-IDX-MARIE-CONTENT-KEYWORDS-GIN,DB,CNT,index,idx_marie_content_keywords_gin,/home/isem/workspace/workspace-gamilit/gamilit/projects/gamilit/apps/database/ddl/schemas/content_management/indexes/02-idx_marie_content_keywords_gin.sql
OBJ-DB-CNT-UNKN-01-POLICIES,DB,CNT,unknown,01-policies,/home/isem/workspace/workspace-gamilit/gamilit/projects/gamilit/apps/database/ddl/schemas/content_management/rls-policies/01-policies.sql
OBJ-DB-CNT-TRG-CONTENT-TEMPLATES,DB,CNT,trigger,content_templates,/home/isem/workspace/workspace-gamilit/gamilit/projects/gamilit/apps/database/ddl/schemas/content_management/tables/01-content_templates.sql
OBJ-DB-CNT-TRG-MARIE-CURIE-CONTENT,DB,CNT,trigger,marie_curie_content,/home/isem/workspace/workspace-gamilit/gamilit/projects/gamilit/apps/database/ddl/schemas/content_management/tables/02-marie_curie_content.sql
OBJ-DB-CNT-TRG-MEDIA-FILES,DB,CNT,trigger,media_files,/home/isem/workspace/workspace-gamilit/gamilit/projects/gamilit/apps/database/ddl/schemas/content_management/tables/03-media_files.sql
OBJ-DB-CNT-IDX-CONTENT-VERSIONS,DB,CNT,index,content_versions,/home/isem/workspace/workspace-gamilit/gamilit/projects/gamilit/apps/database/ddl/schemas/content_management/tables/04-content_versions.sql
OBJ-DB-CNT-IDX-FOR,DB,CNT,index,for,/home/isem/workspace/workspace-gamilit/gamilit/projects/gamilit/apps/database/ddl/schemas/content_management/tables/05-flagged_content.sql
OBJ-DB-CNT-TRG-TRG-CONTENT-TEMPLATES-UPDATED-AT,DB,CNT,trigger,trg_content_templates_updated_at,/home/isem/workspace/workspace-gamilit/gamilit/projects/gamilit/apps/database/ddl/schemas/content_management/triggers/08-trg_content_templates_updated_at.sql
OBJ-DB-CNT-TRG-TRG-MARIE-CURIE-CONTENT-UPDATED-AT,DB,CNT,trigger,trg_marie_curie_content_updated_at,/home/isem/workspace/workspace-gamilit/gamilit/projects/gamilit/apps/database/ddl/schemas/content_management/triggers/09-trg_marie_curie_content_updated_at.sql
OBJ-DB-CNT-TRG-TRG-MEDIA-FILES-UPDATED-AT,DB,CNT,trigger,trg_media_files_updated_at,/home/isem/workspace/workspace-gamilit/gamilit/projects/gamilit/apps/database/ddl/schemas/content_management/triggers/10-trg_media_files_updated_at.sql
OBJ-BE-CNT-CTRL-CONTENT-TEMPLATES-CONTROLLER,BE,CNT,controller,content-templates.controller,content/controllers/content-templates.controller.ts
OBJ-BE-CNT-CTRL-MARIE-CURIE-CONTENT-CONTROLLER,BE,CNT,controller,marie-curie-content.controller,content/controllers/marie-curie-content.controller.ts
OBJ-BE-CNT-CTRL-MEDIA-FILES-CONTROLLER,BE,CNT,controller,media-files.controller,content/controllers/media-files.controller.ts
OBJ-BE-CNT-SVC-CONTENT-TEMPLATES-SERVICE,BE,CNT,service,content-templates.service,content/services/content-templates.service.ts
OBJ-BE-CNT-SVC-MARIE-CURIE-CONTENT-SERVICE,BE,CNT,service,marie-curie-content.service,content/services/marie-curie-content.service.ts
OBJ-BE-CNT-SVC-MEDIA-FILES-SERVICE,BE,CNT,service,media-files.service,content/services/media-files.service.ts
OBJ-BE-CNT-ENT-CONTENT-TEMPLATE-ENTITY,BE,CNT,entity,content-template.entity,content/entities/content-template.entity.ts
OBJ-BE-CNT-ENT-MARIE-CURIE-CONTENT-ENTITY,BE,CNT,entity,marie-curie-content.entity,content/entities/marie-curie-content.entity.ts
OBJ-BE-CNT-ENT-MEDIA-FILE-ENTITY,BE,CNT,entity,media-file.entity,content/entities/media-file.entity.ts
OBJ-DB-AUD-FN-LOG-AUDIT-EVENT,DB,AUD,function,log_audit_event,/home/isem/workspace/workspace-gamilit/gamilit/projects/gamilit/apps/database/ddl/schemas/audit_logging/functions/log_audit_event.sql
OBJ-DB-AUD-UNKN-01-POLICIES,DB,AUD,unknown,01-policies,/home/isem/workspace/workspace-gamilit/gamilit/projects/gamilit/apps/database/ddl/schemas/audit_logging/rls-policies/01-policies.sql
OBJ-DB-AUD-IDX-AUDIT-LOGS,DB,AUD,index,audit_logs,/home/isem/workspace/workspace-gamilit/gamilit/projects/gamilit/apps/database/ddl/schemas/audit_logging/tables/01-audit_logs.sql
OBJ-DB-AUD-IDX-PERFORMANCE-METRICS,DB,AUD,index,performance_metrics,/home/isem/workspace/workspace-gamilit/gamilit/projects/gamilit/apps/database/ddl/schemas/audit_logging/tables/02-performance_metrics.sql
OBJ-DB-AUD-TRG-SYSTEM-ALERTS,DB,AUD,trigger,system_alerts,/home/isem/workspace/workspace-gamilit/gamilit/projects/gamilit/apps/database/ddl/schemas/audit_logging/tables/03-system_alerts.sql
OBJ-DB-AUD-IDX-SYSTEM-LOGS,DB,AUD,index,system_logs,/home/isem/workspace/workspace-gamilit/gamilit/projects/gamilit/apps/database/ddl/schemas/audit_logging/tables/04-system_logs.sql
OBJ-DB-AUD-IDX-USER-ACTIVITY-LOGS,DB,AUD,index,user_activity_logs,/home/isem/workspace/workspace-gamilit/gamilit/projects/gamilit/apps/database/ddl/schemas/audit_logging/tables/05-user_activity_logs.sql
OBJ-DB-AUD-IDX-FOR,DB,AUD,index,for,/home/isem/workspace/workspace-gamilit/gamilit/projects/gamilit/apps/database/ddl/schemas/audit_logging/tables/06-user_activity.sql
OBJ-DB-AUD-TRG-TRG-SYSTEM-ALERTS-UPDATED-AT,DB,AUD,trigger,trg_system_alerts_updated_at,/home/isem/workspace/workspace-gamilit/gamilit/projects/gamilit/apps/database/ddl/schemas/audit_logging/triggers/01-trg_system_alerts_updated_at.sql
OBJ-BE-AUD-SVC-AUDIT-SERVICE,BE,AUD,service,audit.service,audit/services/audit.service.ts
OBJ-BE-AUD-ENT-AUDIT-LOG-ENTITY,BE,AUD,entity,audit-log.entity,audit/entities/audit-log.entity.ts
OBJ-DB-CFG-FN-AUDIT-PROFILE-CHANGES,DB,CFG,function,audit_profile_changes,/home/isem/workspace/workspace-gamilit/gamilit/projects/gamilit/apps/database/ddl/schemas/gamilit/functions/01-audit_profile_changes.sql
OBJ-DB-CFG-FN-GET-CURRENT-USER-ID,DB,CFG,function,get_current_user_id,/home/isem/workspace/workspace-gamilit/gamilit/projects/gamilit/apps/database/ddl/schemas/gamilit/functions/02-get_current_user_id.sql
OBJ-DB-CFG-FN-GET-CURRENT-USER-ROLE,DB,CFG,function,get_current_user_role,/home/isem/workspace/workspace-gamilit/gamilit/projects/gamilit/apps/database/ddl/schemas/gamilit/functions/03-get_current_user_role.sql
OBJ-DB-CFG-FN-INITIALIZE-USER-STATS,DB,CFG,function,initialize_user_stats,/home/isem/workspace/workspace-gamilit/gamilit/projects/gamilit/apps/database/ddl/schemas/gamilit/functions/04-initialize_user_stats.sql
OBJ-DB-CFG-FN-IS-ADMIN,DB,CFG,function,is_admin,/home/isem/workspace/workspace-gamilit/gamilit/projects/gamilit/apps/database/ddl/schemas/gamilit/functions/05-is_admin.sql
OBJ-DB-CFG-FN-NOW-MEXICO,DB,CFG,function,now_mexico,/home/isem/workspace/workspace-gamilit/gamilit/projects/gamilit/apps/database/ddl/schemas/gamilit/functions/08-now_mexico.sql
OBJ-DB-CFG-FN-SET-PROFILE-DEFAULTS,DB,CFG,function,set_profile_defaults,/home/isem/workspace/workspace-gamilit/gamilit/projects/gamilit/apps/database/ddl/schemas/gamilit/functions/09-set_profile_defaults.sql
OBJ-DB-CFG-FN-UPDATE-UPDATED-AT-COLUMN,DB,CFG,function,update_updated_at_column,/home/isem/workspace/workspace-gamilit/gamilit/projects/gamilit/apps/database/ddl/schemas/gamilit/functions/09-update_updated_at_column.sql
OBJ-DB-CFG-FN-UPDATE-CLASSROOM-MEMBER-COUNT,DB,CFG,function,update_classroom_member_count,/home/isem/workspace/workspace-gamilit/gamilit/projects/gamilit/apps/database/ddl/schemas/gamilit/functions/10-update_classroom_member_count.sql
OBJ-DB-CFG-FN-UPDATE-USER-LAST-LOGIN,DB,CFG,function,update_user_last_login,/home/isem/workspace/workspace-gamilit/gamilit/projects/gamilit/apps/database/ddl/schemas/gamilit/functions/11-update_user_last_login.sql
OBJ-DB-CFG-FN-VALIDATE-EMAIL-FORMAT,DB,CFG,function,validate_email_format,/home/isem/workspace/workspace-gamilit/gamilit/projects/gamilit/apps/database/ddl/schemas/gamilit/functions/12-validate_email_format.sql
OBJ-DB-CFG-FN-VALIDATE-USERNAME,DB,CFG,function,validate_username,/home/isem/workspace/workspace-gamilit/gamilit/projects/gamilit/apps/database/ddl/schemas/gamilit/functions/13-validate_username.sql
OBJ-DB-CFG-FN-UPDATE-USER-STATS-ON-EXERCISE-COMPLETE,DB,CFG,function,update_user_stats_on_exercise_complete,/home/isem/workspace/workspace-gamilit/gamilit/projects/gamilit/apps/database/ddl/schemas/gamilit/functions/14-update_user_stats_on_exercise_complete.sql
OBJ-DB-CFG-UNKN-01-POLICIES,DB,CFG,unknown,01-policies,/home/isem/workspace/workspace-gamilit/gamilit/projects/gamilit/apps/database/ddl/schemas/system_configuration/rls-policies/01-policies.sql
OBJ-DB-CFG-TRG-SYSTEM-SETTINGS,DB,CFG,trigger,system_settings,/home/isem/workspace/workspace-gamilit/gamilit/projects/gamilit/apps/database/ddl/schemas/system_configuration/tables/01-system_settings.sql
OBJ-DB-CFG-TRG-FEATURE-FLAGS,DB,CFG,trigger,feature_flags,/home/isem/workspace/workspace-gamilit/gamilit/projects/gamilit/apps/database/ddl/schemas/system_configuration/tables/02-feature_flags.sql
OBJ-DB-CFG-TRG-NOTIFICATION-SETTINGS,DB,CFG,trigger,notification_settings,/home/isem/workspace/workspace-gamilit/gamilit/projects/gamilit/apps/database/ddl/schemas/system_configuration/tables/03-notification_settings.sql
OBJ-DB-CFG-TRG-TRG-FEATURE-FLAGS-UPDATED-AT,DB,CFG,trigger,trg_feature_flags_updated_at,/home/isem/workspace/workspace-gamilit/gamilit/projects/gamilit/apps/database/ddl/schemas/system_configuration/triggers/29-trg_feature_flags_updated_at.sql
OBJ-DB-CFG-TRG-TRG-SYSTEM-SETTINGS-UPDATED-AT,DB,CFG,trigger,trg_system_settings_updated_at,/home/isem/workspace/workspace-gamilit/gamilit/projects/gamilit/apps/database/ddl/schemas/system_configuration/triggers/30-trg_system_settings_updated_at.sql
OBJ-BE-TCH-CTRL-TEACHER-CONTROLLER,BE,TCH,controller,teacher.controller,teacher/controllers/teacher.controller.ts
OBJ-BE-TCH-SVC-ANALYTICS-SERVICE,BE,TCH,service,analytics.service,teacher/services/analytics.service.ts
OBJ-BE-TCH-SVC-GRADING-SERVICE,BE,TCH,service,grading.service,teacher/services/grading.service.ts
OBJ-BE-TCH-SVC-STUDENT-PROGRESS-SERVICE,BE,TCH,service,student-progress.service,teacher/services/student-progress.service.ts
OBJ-BE-TCH-SVC-TEACHER-DASHBOARD-SERVICE,BE,TCH,service,teacher-dashboard.service,teacher/services/teacher-dashboard.service.ts
OBJ-DB-ADM-VIEW-MODERATION-QUEUE,DB,ADM,view,moderation_queue,/home/isem/workspace/workspace-gamilit/gamilit/projects/gamilit/apps/database/ddl/schemas/admin_dashboard/views/moderation_queue.sql
OBJ-DB-ADM-VIEW-ORGANIZATION-STATS-SUMMARY,DB,ADM,view,organization_stats_summary,/home/isem/workspace/workspace-gamilit/gamilit/projects/gamilit/apps/database/ddl/schemas/admin_dashboard/views/organization_stats_summary.sql
OBJ-DB-ADM-VIEW-RECENT-ADMIN-ACTIONS,DB,ADM,view,recent_admin_actions,/home/isem/workspace/workspace-gamilit/gamilit/projects/gamilit/apps/database/ddl/schemas/admin_dashboard/views/recent_admin_actions.sql
OBJ-DB-ADM-VIEW-USER-STATS-SUMMARY,DB,ADM,view,user_stats_summary,/home/isem/workspace/workspace-gamilit/gamilit/projects/gamilit/apps/database/ddl/schemas/admin_dashboard/views/user_stats_summary.sql
OBJ-BE-ADM-CTRL-ADMIN-CONTENT-CONTROLLER,BE,ADM,controller,admin-content.controller,admin/controllers/admin-content.controller.ts
OBJ-BE-ADM-CTRL-ADMIN-ORGANIZATIONS-CONTROLLER,BE,ADM,controller,admin-organizations.controller,admin/controllers/admin-organizations.controller.ts
OBJ-BE-ADM-CTRL-ADMIN-SYSTEM-CONTROLLER,BE,ADM,controller,admin-system.controller,admin/controllers/admin-system.controller.ts
OBJ-BE-ADM-CTRL-ADMIN-USERS-CONTROLLER,BE,ADM,controller,admin-users.controller,admin/controllers/admin-users.controller.ts
OBJ-BE-ADM-SVC-ADMIN-CONTENT-SERVICE,BE,ADM,service,admin-content.service,admin/services/admin-content.service.ts
OBJ-BE-ADM-SVC-ADMIN-ORGANIZATIONS-SERVICE,BE,ADM,service,admin-organizations.service,admin/services/admin-organizations.service.ts
OBJ-BE-ADM-SVC-ADMIN-SYSTEM-SERVICE,BE,ADM,service,admin-system.service,admin/services/admin-system.service.ts
OBJ-BE-ADM-SVC-ADMIN-USERS-SERVICE,BE,ADM,service,admin-users.service,admin/services/admin-users.service.ts
